"station","year","month"
"164","1923","JAN"
"164","1923","FEB"
"164","1923","MAR"
"164","1923","APR"
"164","1923","MAY"
"164","1923","JUN"
"164","1923","JUL"
"164","1923","AUG"
"164","1923","SEP"
"164","1923","OCT"
"164","1923","NOV"
"164","1923","DEC"
"164","1924","JAN"
"164","1924","FEB"
"164","1924","MAR"
"164","1924","APR"
"164","1924","MAY"
"164","1924","JUN"
"164","1924","JUL"
"164","1924","AUG"
"164","1924","SEP"
"164","1924","OCT"
"164","1924","NOV"
"164","1924","DEC"
"164","1925","JAN"
"164","1925","FEB"
"164","1925","MAR"
"164","1925","APR"
"164","1925","MAY"
"164","1925","JUN"
"164","1925","JUL"
"164","1925","AUG"
"164","1925","SEP"
"164","1925","OCT"
"164","1925","NOV"
"164","1925","DEC"
"164","1926","JAN"
"164","1926","FEB"
"164","1926","MAR"
"164","1926","APR"
"164","1926","MAY"
"164","1926","JUN"
"164","1926","JUL"
"164","1926","AUG"
"164","1926","SEP"
"164","1926","OCT"
"164","1926","NOV"
"164","1926","DEC"
"164","1927","JAN"
"164","1927","FEB"
"164","1927","MAR"
"164","1927","APR"
"164","1927","MAY"
"164","1927","JUN"
"164","1927","JUL"
"164","1927","AUG"
"164","1927","SEP"
"164","1927","OCT"
"164","1927","NOV"
"164","1927","DEC"
"164","1928","JAN"
"164","1928","FEB"
"164","1928","MAR"
"164","1928","APR"
"164","1928","MAY"
"164","1928","JUN"
"164","1928","JUL"
"164","1928","AUG"
"164","1928","SEP"
"164","1928","OCT"
"164","1928","NOV"
"164","1928","DEC"
"164","1929","JAN"
"164","1929","FEB"
"164","1929","MAR"
"164","1929","APR"
"164","1929","MAY"
"164","1929","JUN"
"164","1929","JUL"
"164","1929","AUG"
"164","1929","SEP"
"164","1929","OCT"
"164","1929","NOV"
"164","1929","DEC"
"164","1930","JAN"
"164","1930","FEB"
"164","1930","MAR"
"164","1930","APR"
"164","1930","MAY"
"164","1930","JUN"
"164","1930","JUL"
"164","1930","AUG"
"164","1930","SEP"
"164","1930","OCT"
"164","1930","NOV"
"164","1930","DEC"
"164","1931","JAN"
"164","1931","FEB"
"164","1931","MAR"
"164","1931","APR"
"164","1931","MAY"
"164","1931","JUN"
"164","1931","JUL"
"164","1931","AUG"
"164","1931","SEP"
"164","1931","OCT"
"164","1931","NOV"
"164","1931","DEC"
"164","1932","JAN"
"164","1932","FEB"
"164","1932","MAR"
"164","1932","APR"
"164","1932","MAY"
"164","1932","JUN"
"164","1932","JUL"
"164","1932","AUG"
"164","1932","SEP"
"164","1932","OCT"
"164","1932","NOV"
"164","1932","DEC"
"164","1933","JAN"
"164","1933","FEB"
"164","1933","MAR"
"164","1933","APR"
"164","1933","MAY"
"164","1933","JUN"
"164","1933","JUL"
"164","1933","AUG"
"164","1933","SEP"
"164","1933","OCT"
"164","1933","NOV"
"164","1933","DEC"
"164","1934","JAN"
"164","1934","FEB"
"164","1934","MAR"
"164","1934","APR"
"164","1934","MAY"
"164","1934","JUN"
"164","1934","JUL"
"164","1934","AUG"
"164","1934","SEP"
"164","1934","OCT"
"164","1934","NOV"
"164","1934","DEC"
"164","1935","JAN"
"164","1935","FEB"
"164","1935","MAR"
"164","1935","APR"
"164","1935","MAY"
"164","1935","JUN"
"164","1935","JUL"
"164","1935","AUG"
"164","1935","SEP"
"164","1935","OCT"
"164","1935","NOV"
"164","1935","DEC"
"164","1936","JAN"
"164","1936","FEB"
"164","1936","MAR"
"164","1936","APR"
"164","1936","MAY"
"164","1936","JUN"
"164","1936","JUL"
"164","1936","AUG"
"164","1936","SEP"
"164","1936","OCT"
"164","1936","NOV"
"164","1936","DEC"
"164","1937","JAN"
"164","1937","FEB"
"164","1937","MAR"
"164","1937","APR"
"164","1937","MAY"
"164","1937","JUN"
"164","1937","JUL"
"164","1937","AUG"
"164","1937","SEP"
"164","1937","OCT"
"164","1937","NOV"
"164","1937","DEC"
"164","1938","JAN"
"164","1938","FEB"
"164","1938","MAR"
"164","1938","APR"
"164","1938","MAY"
"164","1938","JUN"
"164","1938","JUL"
"164","1938","AUG"
"164","1938","SEP"
"164","1938","OCT"
"164","1938","NOV"
"164","1938","DEC"
"164","1939","JAN"
"164","1939","FEB"
"164","1939","MAR"
"164","1939","APR"
"164","1939","MAY"
"164","1939","JUN"
"164","1941","JUN"
"164","1942","MAY"
"164","1942","JUN"
"164","1950","MAY"
"164","1950","OCT"
"164","1950","NOV"
"164","1950","DEC"
"164","1951","MAR"
"164","1953","JAN"
"164","1956","SEP"
"164","1956","NOV"
"164","1957","MAY"
"164","1958","MAY"
"164","1959","APR"
"164","1980","NOV"
"164","1991","JUN"
"164","1992","JUN"
"164","1992","OCT"
"164","1993","APR"
"164","1993","JUN"
"41","1923","JAN"
"41","1923","FEB"
"41","1923","MAR"
"41","1923","APR"
"41","1923","MAY"
"41","1923","JUN"
"41","1923","JUL"
"41","1923","AUG"
"41","1923","SEP"
"41","1923","OCT"
"41","1923","NOV"
"41","1923","DEC"
"41","1924","JAN"
"41","1924","FEB"
"41","1924","MAR"
"41","1924","APR"
"41","1924","MAY"
"41","1924","JUN"
"41","1924","JUL"
"41","1924","AUG"
"41","1924","SEP"
"41","1924","OCT"
"41","1924","NOV"
"41","1924","DEC"
"41","1925","JAN"
"41","1925","FEB"
"41","1925","MAR"
"41","1925","APR"
"41","1925","MAY"
"41","1925","JUN"
"41","1925","JUL"
"41","1925","AUG"
"41","1925","SEP"
"41","1925","OCT"
"41","1925","NOV"
"41","1925","DEC"
"41","1926","JAN"
"41","1926","FEB"
"41","1926","MAR"
"41","1926","APR"
"41","1926","MAY"
"41","1926","JUN"
"41","1926","JUL"
"41","1926","AUG"
"41","1926","SEP"
"41","1926","OCT"
"41","1926","NOV"
"41","1926","DEC"
"41","1927","JAN"
"41","1927","FEB"
"41","1927","MAR"
"41","1927","APR"
"41","1927","MAY"
"41","1927","JUN"
"41","1927","JUL"
"41","1927","AUG"
"41","1927","SEP"
"41","1927","OCT"
"41","1927","NOV"
"41","1927","DEC"
"41","1928","JAN"
"41","1928","FEB"
"41","1928","MAR"
"41","1928","APR"
"41","1928","MAY"
"41","1928","JUN"
"41","1928","JUL"
"41","1928","AUG"
"41","1928","SEP"
"41","1928","OCT"
"41","1928","NOV"
"41","1928","DEC"
"41","1929","JAN"
"41","1929","FEB"
"41","1929","MAR"
"41","1929","APR"
"41","1929","MAY"
"41","1929","JUN"
"41","1929","JUL"
"41","1929","AUG"
"41","1929","SEP"
"41","1929","OCT"
"41","1929","NOV"
"41","1929","DEC"
"41","1930","JAN"
"41","1930","FEB"
"41","1930","MAR"
"41","1930","APR"
"41","1930","MAY"
"41","1930","JUN"
"41","1930","JUL"
"41","1930","AUG"
"41","1930","SEP"
"41","1930","OCT"
"41","1930","NOV"
"41","1930","DEC"
"41","1931","JAN"
"41","1931","FEB"
"41","1931","MAR"
"41","1931","APR"
"41","1931","MAY"
"41","1931","JUN"
"41","1931","JUL"
"41","1931","AUG"
"41","1931","SEP"
"41","1931","OCT"
"41","1931","NOV"
"41","1931","DEC"
"41","1932","JAN"
"41","1932","FEB"
"41","1932","MAR"
"41","1932","APR"
"41","1932","MAY"
"41","1932","JUN"
"41","1932","JUL"
"41","1932","AUG"
"41","1932","SEP"
"41","1932","OCT"
"41","1932","NOV"
"41","1932","DEC"
"41","1933","JAN"
"41","1933","FEB"
"41","1933","MAR"
"41","1933","APR"
"41","1933","MAY"
"41","1933","JUN"
"41","1933","JUL"
"41","1933","AUG"
"41","1933","SEP"
"41","1933","OCT"
"41","1933","NOV"
"41","1933","DEC"
"41","1934","JAN"
"41","1934","FEB"
"41","1934","MAR"
"41","1934","APR"
"41","1934","MAY"
"41","1934","JUN"
"41","1934","JUL"
"41","1934","AUG"
"41","1934","SEP"
"41","1934","OCT"
"41","1934","NOV"
"41","1934","DEC"
"41","1935","JAN"
"41","1935","FEB"
"41","1935","MAR"
"41","1935","APR"
"41","1935","MAY"
"41","1935","JUN"
"41","1935","JUL"
"41","1935","AUG"
"41","1935","SEP"
"41","1935","OCT"
"41","1935","NOV"
"41","1935","DEC"
"41","1936","JAN"
"41","1936","FEB"
"41","1936","MAR"
"41","1936","APR"
"41","1936","MAY"
"41","1936","JUN"
"41","1936","JUL"
"41","1936","AUG"
"41","1936","SEP"
"41","1936","OCT"
"41","1936","NOV"
"41","1936","DEC"
"41","1937","JAN"
"41","1937","FEB"
"41","1937","MAR"
"41","1937","APR"
"41","1937","MAY"
"41","1937","JUN"
"41","1937","JUL"
"41","1937","AUG"
"41","1937","SEP"
"41","1937","OCT"
"41","1937","NOV"
"41","1937","DEC"
"41","1938","JAN"
"41","1938","FEB"
"41","1938","MAR"
"41","1938","APR"
"41","1938","MAY"
"41","1938","JUN"
"41","1938","JUL"
"41","1938","AUG"
"41","1938","SEP"
"41","1938","OCT"
"41","1938","NOV"
"41","1938","DEC"
"41","1939","JAN"
"41","1939","FEB"
"41","1939","MAR"
"41","1939","APR"
"41","1939","MAY"
"41","1939","JUN"
"41","1939","JUL"
"41","1939","AUG"
"41","1939","SEP"
"41","1939","OCT"
"41","1939","NOV"
"41","1939","DEC"
"41","1940","JAN"
"41","1940","FEB"
"41","1940","MAR"
"41","1940","APR"
"41","1940","MAY"
"41","1940","JUN"
"41","1940","JUL"
"41","1940","AUG"
"41","1940","SEP"
"41","1940","OCT"
"41","1940","NOV"
"41","1940","DEC"
"41","1941","JAN"
"41","1941","FEB"
"41","1941","MAR"
"41","1941","APR"
"41","1941","MAY"
"41","1941","JUN"
"41","1941","JUL"
"41","1941","AUG"
"41","1941","SEP"
"41","1941","OCT"
"41","1941","NOV"
"41","1941","DEC"
"41","1942","JAN"
"41","1942","FEB"
"41","1942","MAR"
"41","1942","APR"
"41","1942","MAY"
"41","1942","JUN"
"41","1942","JUL"
"41","1942","AUG"
"41","1942","SEP"
"41","1942","OCT"
"41","1942","NOV"
"41","1942","DEC"
"41","1943","JAN"
"41","1943","FEB"
"41","1943","MAR"
"41","1943","APR"
"41","1943","MAY"
"41","1943","JUN"
"41","1943","JUL"
"41","1943","AUG"
"41","1943","SEP"
"41","1943","OCT"
"41","1943","NOV"
"41","1943","DEC"
"41","1944","JAN"
"41","1944","FEB"
"41","1944","MAR"
"41","1944","APR"
"41","1944","MAY"
"41","1944","JUN"
"41","1944","JUL"
"41","1944","AUG"
"41","1944","SEP"
"41","1944","OCT"
"41","1944","NOV"
"41","1944","DEC"
"41","1945","JAN"
"41","1945","FEB"
"41","1945","MAR"
"41","1945","APR"
"41","1945","MAY"
"41","1945","JUN"
"41","1945","JUL"
"41","1945","AUG"
"41","1945","SEP"
"41","1945","OCT"
"41","1945","DEC"
"41","1946","JAN"
"41","1946","FEB"
"41","1946","MAR"
"41","1946","APR"
"41","1946","MAY"
"41","1946","JUN"
"41","1946","JUL"
"41","1946","AUG"
"41","1946","SEP"
"41","1946","OCT"
"41","1946","NOV"
"41","1946","DEC"
"41","1947","JAN"
"41","1947","FEB"
"41","1947","MAR"
"41","1947","APR"
"41","1947","MAY"
"41","1947","JUN"
"41","1947","JUL"
"41","1947","AUG"
"41","1947","SEP"
"41","1947","OCT"
"41","1947","NOV"
"41","1947","DEC"
"41","1948","JAN"
"41","1948","FEB"
"41","1948","MAR"
"41","1948","APR"
"41","1948","MAY"
"41","1948","JUN"
"41","1948","JUL"
"41","1948","AUG"
"41","1948","SEP"
"41","1948","OCT"
"41","1948","NOV"
"41","1948","DEC"
"41","1949","JAN"
"41","1949","FEB"
"41","1949","MAR"
"41","1949","APR"
"41","1949","MAY"
"41","1949","JUN"
"41","1949","JUL"
"41","1949","AUG"
"41","1949","SEP"
"41","1949","OCT"
"41","1949","NOV"
"41","1949","DEC"
"41","1950","JAN"
"41","1950","FEB"
"41","1950","MAR"
"41","1950","APR"
"41","1950","MAY"
"41","1950","JUN"
"41","1950","JUL"
"41","1950","AUG"
"41","1950","SEP"
"41","1950","OCT"
"41","1950","NOV"
"41","1950","DEC"
"41","1951","JAN"
"41","1951","FEB"
"41","1951","MAR"
"41","1951","APR"
"41","1951","MAY"
"41","1951","JUN"
"41","1951","JUL"
"41","1951","AUG"
"41","1951","SEP"
"41","1951","OCT"
"41","1951","NOV"
"41","1951","DEC"
"41","1952","JAN"
"41","1952","FEB"
"41","1952","MAR"
"41","1952","APR"
"41","1952","MAY"
"41","1952","JUN"
"41","1952","JUL"
"41","1952","AUG"
"41","1952","SEP"
"41","1952","OCT"
"41","1952","NOV"
"41","1952","DEC"
"41","1953","JAN"
"41","1953","FEB"
"41","1953","MAR"
"41","1953","APR"
"41","1953","MAY"
"41","1953","JUN"
"41","1953","JUL"
"41","1953","AUG"
"41","1953","SEP"
"41","1953","OCT"
"41","1953","NOV"
"41","1953","DEC"
"41","1954","JAN"
"41","1954","FEB"
"41","1954","MAR"
"41","1954","APR"
"41","1954","MAY"
"41","1954","JUN"
"41","1954","JUL"
"41","1954","AUG"
"41","1954","SEP"
"41","1954","OCT"
"41","1954","NOV"
"41","1954","DEC"
"41","1955","JAN"
"41","1955","FEB"
"41","1955","MAR"
"41","1955","JUL"
"41","1955","AUG"
"41","1955","SEP"
"41","1955","OCT"
"41","1955","NOV"
"41","1955","DEC"
"41","1956","JAN"
"41","1956","FEB"
"41","1956","MAR"
"41","1956","APR"
"41","1956","MAY"
"41","1956","JUN"
"41","1956","JUL"
"41","1956","AUG"
"41","1956","SEP"
"41","1956","OCT"
"41","1956","NOV"
"41","1956","DEC"
"41","1957","JAN"
"41","1957","FEB"
"41","1957","MAR"
"41","1957","APR"
"41","1957","MAY"
"41","1957","JUN"
"41","1957","JUL"
"41","1957","AUG"
"41","1957","SEP"
"41","1957","OCT"
"41","1957","NOV"
"41","1957","DEC"
"41","1958","JAN"
"41","1958","FEB"
"41","1958","MAR"
"41","1958","APR"
"41","1958","MAY"
"41","1958","JUN"
"41","1958","JUL"
"41","1958","AUG"
"41","1958","SEP"
"41","1958","OCT"
"41","1958","NOV"
"41","1958","DEC"
"41","1959","FEB"
"41","1959","MAR"
"41","1959","APR"
"41","1959","MAY"
"41","1959","JUN"
"41","1959","JUL"
"41","1959","AUG"
"41","1959","SEP"
"41","1959","OCT"
"41","1959","NOV"
"41","1959","DEC"
"41","1960","JAN"
"41","1960","FEB"
"41","1960","MAR"
"41","1960","APR"
"41","1960","MAY"
"41","1960","JUN"
"41","1960","JUL"
"41","1960","AUG"
"41","1960","SEP"
"41","1960","OCT"
"41","1960","NOV"
"41","1960","DEC"
"41","1961","JAN"
"41","1961","FEB"
"41","1961","MAR"
"41","1961","APR"
"41","1961","MAY"
"41","1961","JUN"
"41","1961","JUL"
"41","1961","AUG"
"41","1961","SEP"
"41","1961","OCT"
"41","1961","NOV"
"41","1961","DEC"
"41","1962","JAN"
"41","1962","FEB"
"41","1962","MAR"
"41","1962","APR"
"41","1962","MAY"
"41","1962","JUN"
"41","1962","JUL"
"41","1962","AUG"
"41","1962","SEP"
"41","1962","OCT"
"41","1962","NOV"
"41","1962","DEC"
"41","1963","JAN"
"41","1963","FEB"
"41","1963","MAR"
"41","1963","APR"
"41","1963","MAY"
"41","1963","JUN"
"41","1963","JUL"
"41","1963","AUG"
"41","1963","SEP"
"41","1963","OCT"
"41","1963","NOV"
"41","1963","DEC"
"41","1964","JAN"
"41","1964","FEB"
"41","1964","MAR"
"41","1964","APR"
"41","1964","MAY"
"41","1964","JUN"
"41","1964","JUL"
"41","1964","AUG"
"41","1964","SEP"
"41","1964","OCT"
"41","1964","NOV"
"41","1964","DEC"
"41","1965","JAN"
"41","1965","FEB"
"41","1965","MAR"
"41","1965","APR"
"41","1965","MAY"
"41","1965","JUN"
"41","1965","JUL"
"41","1965","AUG"
"41","1965","SEP"
"41","1965","OCT"
"41","1965","NOV"
"41","1965","DEC"
"41","1966","JAN"
"41","1966","FEB"
"41","1966","MAR"
"41","1966","APR"
"41","1966","MAY"
"41","1966","JUN"
"41","1966","JUL"
"41","1966","AUG"
"41","1966","SEP"
"41","1966","OCT"
"41","1966","NOV"
"41","1966","DEC"
"41","1967","JAN"
"41","1967","FEB"
"41","1967","MAR"
"41","1967","APR"
"41","1967","MAY"
"41","1967","JUN"
"41","1967","JUL"
"41","1967","AUG"
"41","1967","SEP"
"41","1967","OCT"
"41","1967","NOV"
"41","1967","DEC"
"41","1968","JAN"
"41","1968","FEB"
"41","1968","MAR"
"41","1968","APR"
"41","1968","MAY"
"41","1968","JUN"
"41","1968","JUL"
"41","1968","AUG"
"41","1968","SEP"
"41","1968","OCT"
"41","1968","NOV"
"41","1968","DEC"
"41","1969","JAN"
"41","1969","FEB"
"41","1969","MAR"
"41","1969","APR"
"41","1969","MAY"
"41","1969","JUN"
"41","1969","JUL"
"41","1969","AUG"
"41","1969","SEP"
"41","1969","OCT"
"41","1969","NOV"
"41","1969","DEC"
"41","1970","JAN"
"41","1970","FEB"
"41","1970","MAR"
"41","1970","APR"
"41","1970","MAY"
"41","1970","JUN"
"41","1970","JUL"
"41","1970","AUG"
"41","1970","SEP"
"41","1970","OCT"
"41","1970","NOV"
"41","1970","DEC"
"41","1971","JAN"
"41","1971","FEB"
"41","1971","MAR"
"41","1971","APR"
"41","1971","MAY"
"41","1971","JUN"
"41","1971","JUL"
"41","1971","AUG"
"41","1971","SEP"
"41","1971","OCT"
"41","1971","NOV"
"41","1971","DEC"
"41","1972","JAN"
"41","1972","FEB"
"41","1972","MAR"
"41","1980","NOV"
"41","1992","OCT"
"41","1993","APR"
"45","1923","JAN"
"45","1923","FEB"
"45","1923","MAR"
"45","1923","APR"
"45","1923","MAY"
"45","1923","JUN"
"45","1923","JUL"
"45","1923","AUG"
"45","1923","SEP"
"45","1923","OCT"
"45","1923","NOV"
"45","1923","DEC"
"45","1924","JAN"
"45","1924","FEB"
"45","1924","MAR"
"45","1924","APR"
"45","1924","MAY"
"45","1924","JUN"
"45","1924","JUL"
"45","1924","AUG"
"45","1924","SEP"
"45","1924","OCT"
"45","1924","NOV"
"45","1924","DEC"
"45","1925","JAN"
"45","1925","FEB"
"45","1925","MAR"
"45","1925","APR"
"45","1925","MAY"
"45","1925","JUN"
"45","1925","JUL"
"45","1925","AUG"
"45","1925","SEP"
"45","1925","OCT"
"45","1925","NOV"
"45","1925","DEC"
"45","1926","JAN"
"45","1926","FEB"
"45","1926","MAR"
"45","1926","APR"
"45","1926","MAY"
"45","1926","JUN"
"45","1926","JUL"
"45","1926","AUG"
"45","1926","SEP"
"45","1926","OCT"
"45","1926","NOV"
"45","1926","DEC"
"45","1927","JAN"
"45","1927","FEB"
"45","1927","MAR"
"45","1927","APR"
"45","1927","MAY"
"45","1927","JUN"
"45","1927","JUL"
"45","1927","AUG"
"45","1927","SEP"
"45","1927","OCT"
"45","1927","NOV"
"45","1927","DEC"
"45","1928","JAN"
"45","1928","FEB"
"45","1928","MAR"
"45","1928","APR"
"45","1928","MAY"
"45","1928","JUN"
"45","1928","JUL"
"45","1928","AUG"
"45","1928","SEP"
"45","1928","OCT"
"45","1928","NOV"
"45","1928","DEC"
"45","1929","JAN"
"45","1929","FEB"
"45","1929","MAR"
"45","1929","APR"
"45","1929","MAY"
"45","1929","JUN"
"45","1929","JUL"
"45","1929","AUG"
"45","1929","SEP"
"45","1929","OCT"
"45","1929","NOV"
"45","1929","DEC"
"45","1930","JAN"
"45","1930","FEB"
"45","1930","MAR"
"45","1930","APR"
"45","1930","MAY"
"45","1930","JUN"
"45","1930","JUL"
"45","1930","AUG"
"45","1930","SEP"
"45","1930","OCT"
"45","1930","NOV"
"45","1930","DEC"
"45","1931","JAN"
"45","1931","FEB"
"45","1931","MAR"
"45","1931","APR"
"45","1931","MAY"
"45","1931","JUN"
"45","1931","JUL"
"45","1931","AUG"
"45","1931","SEP"
"45","1931","OCT"
"45","1931","NOV"
"45","1931","DEC"
"45","1932","JAN"
"45","1932","FEB"
"45","1932","MAR"
"45","1932","APR"
"45","1932","MAY"
"45","1932","JUN"
"45","1932","JUL"
"45","1932","AUG"
"45","1932","SEP"
"45","1932","OCT"
"45","1932","NOV"
"45","1932","DEC"
"45","1933","JAN"
"45","1933","FEB"
"45","1933","MAR"
"45","1933","APR"
"45","1933","MAY"
"45","1933","JUN"
"45","1933","JUL"
"45","1933","AUG"
"45","1933","SEP"
"45","1933","OCT"
"45","1933","NOV"
"45","1933","DEC"
"45","1934","JAN"
"45","1934","FEB"
"45","1934","MAR"
"45","1934","APR"
"45","1934","MAY"
"45","1934","JUN"
"45","1934","JUL"
"45","1934","AUG"
"45","1934","SEP"
"45","1934","OCT"
"45","1934","NOV"
"45","1934","DEC"
"45","1935","JAN"
"45","1935","FEB"
"45","1935","MAR"
"45","1935","APR"
"45","1935","MAY"
"45","1935","JUN"
"45","1935","JUL"
"45","1935","AUG"
"45","1935","SEP"
"45","1935","OCT"
"45","1935","NOV"
"45","1935","DEC"
"45","1936","JAN"
"45","1936","FEB"
"45","1936","MAR"
"45","1936","APR"
"45","1936","MAY"
"45","1942","MAY"
"45","1942","JUN"
"45","1953","JAN"
"45","1955","MAR"
"45","1956","JUN"
"45","1956","OCT"
"45","1956","NOV"
"45","1957","MAY"
"45","1958","MAY"
"45","1959","APR"
"45","1980","NOV"
"45","1992","OCT"
"45","2000","JUN"
"45","2000","JUL"
"AMADO","1923","JAN"
"AMADO","1923","FEB"
"AMADO","1923","MAR"
"AMADO","1923","APR"
"AMADO","1923","MAY"
"AMADO","1923","JUN"
"AMADO","1923","JUL"
"AMADO","1923","AUG"
"AMADO","1923","SEP"
"AMADO","1923","OCT"
"AMADO","1923","NOV"
"AMADO","1923","DEC"
"AMADO","1924","JAN"
"AMADO","1924","FEB"
"AMADO","1924","MAR"
"AMADO","1924","APR"
"AMADO","1924","MAY"
"AMADO","1924","JUN"
"AMADO","1924","JUL"
"AMADO","1924","AUG"
"AMADO","1924","SEP"
"AMADO","1924","OCT"
"AMADO","1924","NOV"
"AMADO","1924","DEC"
"AMADO","1925","JAN"
"AMADO","1925","FEB"
"AMADO","1925","MAR"
"AMADO","1925","APR"
"AMADO","1925","MAY"
"AMADO","1925","JUN"
"AMADO","1925","JUL"
"AMADO","1925","AUG"
"AMADO","1925","SEP"
"AMADO","1925","OCT"
"AMADO","1925","NOV"
"AMADO","1925","DEC"
"AMADO","1926","JAN"
"AMADO","1926","FEB"
"AMADO","1926","MAR"
"AMADO","1926","APR"
"AMADO","1926","MAY"
"AMADO","1926","JUN"
"AMADO","1926","JUL"
"AMADO","1926","AUG"
"AMADO","1926","SEP"
"AMADO","1926","OCT"
"AMADO","1926","NOV"
"AMADO","1926","DEC"
"AMADO","1927","JAN"
"AMADO","1927","FEB"
"AMADO","1927","MAR"
"AMADO","1927","APR"
"AMADO","1927","MAY"
"AMADO","1927","JUN"
"AMADO","1927","JUL"
"AMADO","1927","AUG"
"AMADO","1927","SEP"
"AMADO","1927","OCT"
"AMADO","1927","NOV"
"AMADO","1927","DEC"
"AMADO","1928","JAN"
"AMADO","1928","FEB"
"AMADO","1928","MAR"
"AMADO","1928","APR"
"AMADO","1928","MAY"
"AMADO","1928","JUN"
"AMADO","1928","JUL"
"AMADO","1928","AUG"
"AMADO","1928","SEP"
"AMADO","1928","OCT"
"AMADO","1928","NOV"
"AMADO","1928","DEC"
"AMADO","1929","JAN"
"AMADO","1929","FEB"
"AMADO","1929","MAR"
"AMADO","1929","APR"
"AMADO","1929","MAY"
"AMADO","1929","JUN"
"AMADO","1929","JUL"
"AMADO","1929","AUG"
"AMADO","1929","SEP"
"AMADO","1929","OCT"
"AMADO","1929","NOV"
"AMADO","1929","DEC"
"AMADO","1930","JAN"
"AMADO","1930","FEB"
"AMADO","1930","MAR"
"AMADO","1930","APR"
"AMADO","1930","MAY"
"AMADO","1930","JUN"
"AMADO","1930","JUL"
"AMADO","1930","AUG"
"AMADO","1930","SEP"
"AMADO","1930","OCT"
"AMADO","1930","NOV"
"AMADO","1930","DEC"
"AMADO","1931","JAN"
"AMADO","1931","FEB"
"AMADO","1931","MAR"
"AMADO","1931","APR"
"AMADO","1931","MAY"
"AMADO","1931","JUN"
"AMADO","1931","JUL"
"AMADO","1931","AUG"
"AMADO","1931","SEP"
"AMADO","1931","OCT"
"AMADO","1931","NOV"
"AMADO","1931","DEC"
"AMADO","1932","JAN"
"AMADO","1932","FEB"
"AMADO","1932","MAR"
"AMADO","1932","APR"
"AMADO","1932","MAY"
"AMADO","1932","JUN"
"AMADO","1932","JUL"
"AMADO","1932","AUG"
"AMADO","1932","SEP"
"AMADO","1932","OCT"
"AMADO","1932","NOV"
"AMADO","1932","DEC"
"AMADO","1933","JAN"
"AMADO","1933","FEB"
"AMADO","1933","MAR"
"AMADO","1933","APR"
"AMADO","1933","MAY"
"AMADO","1933","JUN"
"AMADO","1933","JUL"
"AMADO","1933","AUG"
"AMADO","1933","SEP"
"AMADO","1933","OCT"
"AMADO","1933","NOV"
"AMADO","1933","DEC"
"AMADO","1934","JAN"
"AMADO","1934","FEB"
"AMADO","1934","MAR"
"AMADO","1934","APR"
"AMADO","1934","MAY"
"AMADO","1934","JUN"
"AMADO","1934","JUL"
"AMADO","1934","AUG"
"AMADO","1934","SEP"
"AMADO","1934","OCT"
"AMADO","1934","NOV"
"AMADO","1934","DEC"
"AMADO","1935","JAN"
"AMADO","1935","FEB"
"AMADO","1935","MAR"
"AMADO","1935","APR"
"AMADO","1935","MAY"
"AMADO","1935","JUN"
"AMADO","1935","JUL"
"AMADO","1935","AUG"
"AMADO","1935","SEP"
"AMADO","1935","OCT"
"AMADO","1935","NOV"
"AMADO","1935","DEC"
"AMADO","1936","JAN"
"AMADO","1936","FEB"
"AMADO","1936","MAR"
"AMADO","1936","APR"
"AMADO","1936","MAY"
"AMADO","1936","JUN"
"AMADO","1936","JUL"
"AMADO","1936","AUG"
"AMADO","1936","SEP"
"AMADO","1936","OCT"
"AMADO","1936","NOV"
"AMADO","1936","DEC"
"AMADO","1937","JAN"
"AMADO","1937","FEB"
"AMADO","1937","MAR"
"AMADO","1937","APR"
"AMADO","1937","MAY"
"AMADO","1937","JUN"
"AMADO","1937","JUL"
"AMADO","1937","AUG"
"AMADO","1937","SEP"
"AMADO","1937","OCT"
"AMADO","1937","NOV"
"AMADO","1937","DEC"
"AMADO","1938","JAN"
"AMADO","1938","FEB"
"AMADO","1938","MAR"
"AMADO","1938","APR"
"AMADO","1938","MAY"
"AMADO","1938","JUN"
"AMADO","1938","JUL"
"AMADO","1938","AUG"
"AMADO","1938","SEP"
"AMADO","1938","OCT"
"AMADO","1938","NOV"
"AMADO","1938","DEC"
"AMADO","1939","JAN"
"AMADO","1939","FEB"
"AMADO","1939","MAR"
"AMADO","1939","APR"
"AMADO","1939","MAY"
"AMADO","1939","JUN"
"AMADO","1939","JUL"
"AMADO","1939","AUG"
"AMADO","1939","SEP"
"AMADO","1939","OCT"
"AMADO","1939","NOV"
"AMADO","1939","DEC"
"AMADO","1940","JAN"
"AMADO","1940","FEB"
"AMADO","1940","MAR"
"AMADO","1940","APR"
"AMADO","1940","MAY"
"AMADO","1940","JUN"
"AMADO","1940","JUL"
"AMADO","1940","AUG"
"AMADO","1940","SEP"
"AMADO","1940","OCT"
"AMADO","1940","NOV"
"AMADO","1940","DEC"
"AMADO","1941","JAN"
"AMADO","1941","FEB"
"AMADO","1941","MAR"
"AMADO","1941","APR"
"AMADO","1941","MAY"
"AMADO","1941","JUN"
"AMADO","1941","JUL"
"AMADO","1941","AUG"
"AMADO","1941","SEP"
"AMADO","1941","OCT"
"AMADO","1941","NOV"
"AMADO","1941","DEC"
"AMADO","1942","JAN"
"AMADO","1942","FEB"
"AMADO","1942","MAR"
"AMADO","1942","APR"
"AMADO","1942","MAY"
"AMADO","1942","JUN"
"AMADO","1942","JUL"
"AMADO","1942","AUG"
"AMADO","1942","SEP"
"AMADO","1942","OCT"
"AMADO","1942","NOV"
"AMADO","1942","DEC"
"AMADO","1943","JAN"
"AMADO","1943","FEB"
"AMADO","1943","MAR"
"AMADO","1943","APR"
"AMADO","1943","MAY"
"AMADO","1943","JUN"
"AMADO","1943","JUL"
"AMADO","1943","AUG"
"AMADO","1943","SEP"
"AMADO","1943","OCT"
"AMADO","1943","NOV"
"AMADO","1943","DEC"
"AMADO","1944","JAN"
"AMADO","1944","FEB"
"AMADO","1944","MAR"
"AMADO","1944","APR"
"AMADO","1944","MAY"
"AMADO","1944","JUN"
"AMADO","1944","JUL"
"AMADO","1944","AUG"
"AMADO","1944","SEP"
"AMADO","1944","OCT"
"AMADO","1944","NOV"
"AMADO","1944","DEC"
"AMADO","1945","JAN"
"AMADO","1945","FEB"
"AMADO","1945","MAR"
"AMADO","1945","APR"
"AMADO","1945","MAY"
"AMADO","1945","JUN"
"AMADO","1945","JUL"
"AMADO","1945","AUG"
"AMADO","1945","SEP"
"AMADO","1945","OCT"
"AMADO","1945","DEC"
"AMADO","1946","JAN"
"AMADO","1946","FEB"
"AMADO","1946","MAR"
"AMADO","1946","APR"
"AMADO","1946","MAY"
"AMADO","1946","JUN"
"AMADO","1946","JUL"
"AMADO","1946","AUG"
"AMADO","1946","SEP"
"AMADO","1946","OCT"
"AMADO","1946","NOV"
"AMADO","1946","DEC"
"AMADO","1947","JAN"
"AMADO","1947","FEB"
"AMADO","1947","MAR"
"AMADO","1947","APR"
"AMADO","1947","MAY"
"AMADO","1947","JUN"
"AMADO","1947","JUL"
"AMADO","1947","AUG"
"AMADO","1947","SEP"
"AMADO","1947","OCT"
"AMADO","1947","NOV"
"AMADO","1947","DEC"
"AMADO","1948","JAN"
"AMADO","1948","FEB"
"AMADO","1948","MAR"
"AMADO","1948","APR"
"AMADO","1948","MAY"
"AMADO","1948","JUN"
"AMADO","1948","JUL"
"AMADO","1948","AUG"
"AMADO","1948","SEP"
"AMADO","1948","OCT"
"AMADO","1948","NOV"
"AMADO","1948","DEC"
"AMADO","1949","JAN"
"AMADO","1949","FEB"
"AMADO","1949","MAR"
"AMADO","1949","APR"
"AMADO","1949","MAY"
"AMADO","1949","JUN"
"AMADO","1949","JUL"
"AMADO","1949","AUG"
"AMADO","1949","SEP"
"AMADO","1949","OCT"
"AMADO","1949","NOV"
"AMADO","1949","DEC"
"AMADO","1950","JAN"
"AMADO","1950","FEB"
"AMADO","1950","MAR"
"AMADO","1950","APR"
"AMADO","1950","MAY"
"AMADO","1950","JUN"
"AMADO","1950","JUL"
"AMADO","1950","AUG"
"AMADO","1950","SEP"
"AMADO","1950","OCT"
"AMADO","1950","NOV"
"AMADO","1950","DEC"
"AMADO","1951","JAN"
"AMADO","1951","FEB"
"AMADO","1951","MAR"
"AMADO","1951","APR"
"AMADO","1951","MAY"
"AMADO","1951","JUN"
"AMADO","1951","JUL"
"AMADO","1951","AUG"
"AMADO","1951","SEP"
"AMADO","1951","OCT"
"AMADO","1951","NOV"
"AMADO","1951","DEC"
"AMADO","1952","JAN"
"AMADO","1952","FEB"
"AMADO","1952","MAR"
"AMADO","1952","APR"
"AMADO","1952","MAY"
"AMADO","1952","JUN"
"AMADO","1952","JUL"
"AMADO","1952","AUG"
"AMADO","1952","SEP"
"AMADO","1952","OCT"
"AMADO","1952","NOV"
"AMADO","1952","DEC"
"AMADO","1953","JAN"
"AMADO","1953","FEB"
"AMADO","1953","MAR"
"AMADO","1953","APR"
"AMADO","1953","MAY"
"AMADO","1953","JUN"
"AMADO","1953","JUL"
"AMADO","1953","AUG"
"AMADO","1953","SEP"
"AMADO","1953","OCT"
"AMADO","1953","NOV"
"AMADO","1953","DEC"
"AMADO","1954","JAN"
"AMADO","1954","FEB"
"AMADO","1954","MAR"
"AMADO","1954","APR"
"AMADO","1954","MAY"
"AMADO","1954","JUN"
"AMADO","1954","JUL"
"AMADO","1954","AUG"
"AMADO","1954","SEP"
"AMADO","1954","OCT"
"AMADO","1954","NOV"
"AMADO","1954","DEC"
"AMADO","1955","JAN"
"AMADO","1955","FEB"
"AMADO","1955","MAR"
"AMADO","1955","JUL"
"AMADO","1955","AUG"
"AMADO","1955","SEP"
"AMADO","1955","OCT"
"AMADO","1955","NOV"
"AMADO","1955","DEC"
"AMADO","1956","JAN"
"AMADO","1956","FEB"
"AMADO","1956","MAR"
"AMADO","1956","APR"
"AMADO","1956","MAY"
"AMADO","1956","JUN"
"AMADO","1956","JUL"
"AMADO","1956","AUG"
"AMADO","1956","SEP"
"AMADO","1956","OCT"
"AMADO","1956","NOV"
"AMADO","1956","DEC"
"AMADO","1957","JAN"
"AMADO","1957","FEB"
"AMADO","1957","MAR"
"AMADO","1957","APR"
"AMADO","1957","MAY"
"AMADO","1957","JUN"
"AMADO","1957","JUL"
"AMADO","1957","AUG"
"AMADO","1957","SEP"
"AMADO","1957","OCT"
"AMADO","1957","NOV"
"AMADO","1957","DEC"
"AMADO","1958","JAN"
"AMADO","1958","FEB"
"AMADO","1958","MAR"
"AMADO","1958","APR"
"AMADO","1958","MAY"
"AMADO","1958","JUN"
"AMADO","1958","JUL"
"AMADO","1958","AUG"
"AMADO","1958","SEP"
"AMADO","1958","OCT"
"AMADO","1958","NOV"
"AMADO","1958","DEC"
"AMADO","1959","FEB"
"AMADO","1959","MAR"
"AMADO","1959","APR"
"AMADO","1959","MAY"
"AMADO","1959","JUN"
"AMADO","1959","JUL"
"AMADO","1959","AUG"
"AMADO","1959","SEP"
"AMADO","1959","OCT"
"AMADO","1959","NOV"
"AMADO","1959","DEC"
"AMADO","1960","JAN"
"AMADO","1960","FEB"
"AMADO","1960","MAR"
"AMADO","1960","APR"
"AMADO","1960","MAY"
"AMADO","1960","JUN"
"AMADO","1960","JUL"
"AMADO","1960","AUG"
"AMADO","1960","SEP"
"AMADO","1960","OCT"
"AMADO","1960","NOV"
"AMADO","1960","DEC"
"AMADO","1961","JAN"
"AMADO","1961","FEB"
"AMADO","1961","MAR"
"AMADO","1961","APR"
"AMADO","1961","MAY"
"AMADO","1961","JUN"
"AMADO","1961","JUL"
"AMADO","1961","AUG"
"AMADO","1961","SEP"
"AMADO","1961","OCT"
"AMADO","1961","NOV"
"AMADO","1961","DEC"
"AMADO","1962","JAN"
"AMADO","1962","FEB"
"AMADO","1962","MAR"
"AMADO","1962","APR"
"AMADO","1962","MAY"
"AMADO","1962","JUN"
"AMADO","1962","JUL"
"AMADO","1962","AUG"
"AMADO","1962","SEP"
"AMADO","1962","OCT"
"AMADO","1962","NOV"
"AMADO","1962","DEC"
"AMADO","1963","JAN"
"AMADO","1963","FEB"
"AMADO","1963","MAR"
"AMADO","1963","APR"
"AMADO","1963","MAY"
"AMADO","1963","JUN"
"AMADO","1963","JUL"
"AMADO","1963","AUG"
"AMADO","1963","SEP"
"AMADO","1963","OCT"
"AMADO","1963","NOV"
"AMADO","1963","DEC"
"AMADO","1964","JAN"
"AMADO","1964","FEB"
"AMADO","1964","MAR"
"AMADO","1964","APR"
"AMADO","1964","MAY"
"AMADO","1964","JUN"
"AMADO","1964","JUL"
"AMADO","1964","AUG"
"AMADO","1964","SEP"
"AMADO","1964","OCT"
"AMADO","1964","NOV"
"AMADO","1964","DEC"
"AMADO","1965","JAN"
"AMADO","1965","FEB"
"AMADO","1965","MAR"
"AMADO","1965","APR"
"AMADO","1965","MAY"
"AMADO","1965","JUN"
"AMADO","1965","JUL"
"AMADO","1965","AUG"
"AMADO","1965","SEP"
"AMADO","1965","OCT"
"AMADO","1965","NOV"
"AMADO","1965","DEC"
"AMADO","1976","MAY"
"AMADO","1980","NOV"
"AMADO","1986","APR"
"AMADO","1991","MAY"
"AMADO","1992","JUN"
"AMADO","1993","APR"
"AMADO","1995","DEC"
"AMADO","2003","SEP"
"AMADO","2003","OCT"
"AMADO","2003","NOV"
"AMADO","2003","DEC"
"AMADO","2004","JAN"
"AMADO","2004","FEB"
"AMADO","2004","MAR"
"BOX","1942","MAY"
"BOX","1942","JUN"
"BOX","1953","JAN"
"BOX","1955","MAR"
"BOX","1956","NOV"
"BOX","1957","MAY"
"BOX","1958","MAY"
"BOX","1992","AUG"
"BOX","1992","SEP"
"BOX","1992","OCT"
"BOX","1992","DEC"
"BOX","2000","JUN"
"BOX","2000","JUL"
"BOX","2000","AUG"
"BOX","2000","SEP"
"BOX","2000","OCT"
"BOX","2015","OCT"
"DESGR","1923","JAN"
"DESGR","1923","FEB"
"DESGR","1923","MAR"
"DESGR","1923","APR"
"DESGR","1923","MAY"
"DESGR","1923","JUN"
"DESGR","1923","JUL"
"DESGR","1923","AUG"
"DESGR","1923","SEP"
"DESGR","1923","OCT"
"DESGR","1923","NOV"
"DESGR","1923","DEC"
"DESGR","1924","JAN"
"DESGR","1924","FEB"
"DESGR","1924","MAR"
"DESGR","1924","APR"
"DESGR","1924","MAY"
"DESGR","1924","JUN"
"DESGR","1924","JUL"
"DESGR","1924","AUG"
"DESGR","1924","SEP"
"DESGR","1924","OCT"
"DESGR","1924","NOV"
"DESGR","1924","DEC"
"DESGR","1925","JAN"
"DESGR","1925","FEB"
"DESGR","1925","MAR"
"DESGR","1925","APR"
"DESGR","1925","MAY"
"DESGR","1925","JUN"
"DESGR","1925","JUL"
"DESGR","1925","AUG"
"DESGR","1925","SEP"
"DESGR","1925","OCT"
"DESGR","1925","NOV"
"DESGR","1925","DEC"
"DESGR","1926","JAN"
"DESGR","1926","FEB"
"DESGR","1926","MAR"
"DESGR","1926","APR"
"DESGR","1926","MAY"
"DESGR","1926","JUN"
"DESGR","1926","JUL"
"DESGR","1926","AUG"
"DESGR","1926","SEP"
"DESGR","1926","OCT"
"DESGR","1926","NOV"
"DESGR","1926","DEC"
"DESGR","1927","JAN"
"DESGR","1927","FEB"
"DESGR","1927","MAR"
"DESGR","1927","APR"
"DESGR","1927","MAY"
"DESGR","1927","JUN"
"DESGR","1927","JUL"
"DESGR","1927","AUG"
"DESGR","1927","SEP"
"DESGR","1927","OCT"
"DESGR","1927","NOV"
"DESGR","1927","DEC"
"DESGR","1928","JAN"
"DESGR","1928","FEB"
"DESGR","1928","MAR"
"DESGR","1928","APR"
"DESGR","1928","MAY"
"DESGR","1928","JUN"
"DESGR","1928","JUL"
"DESGR","1928","AUG"
"DESGR","1928","SEP"
"DESGR","1928","OCT"
"DESGR","1928","NOV"
"DESGR","1928","DEC"
"DESGR","1929","JAN"
"DESGR","1929","FEB"
"DESGR","1929","MAR"
"DESGR","1929","APR"
"DESGR","1929","MAY"
"DESGR","1929","JUN"
"DESGR","1929","JUL"
"DESGR","1929","AUG"
"DESGR","1929","SEP"
"DESGR","1929","OCT"
"DESGR","1929","NOV"
"DESGR","1929","DEC"
"DESGR","1930","JAN"
"DESGR","1930","FEB"
"DESGR","1930","MAR"
"DESGR","1930","APR"
"DESGR","1930","MAY"
"DESGR","1930","JUN"
"DESGR","1930","JUL"
"DESGR","1930","AUG"
"DESGR","1930","SEP"
"DESGR","1930","OCT"
"DESGR","1930","NOV"
"DESGR","1930","DEC"
"DESGR","1931","JAN"
"DESGR","1931","FEB"
"DESGR","1931","MAR"
"DESGR","1931","APR"
"DESGR","1931","MAY"
"DESGR","1931","JUN"
"DESGR","1931","JUL"
"DESGR","1931","AUG"
"DESGR","1931","SEP"
"DESGR","1931","OCT"
"DESGR","1931","NOV"
"DESGR","1931","DEC"
"DESGR","1932","JAN"
"DESGR","1932","FEB"
"DESGR","1932","MAR"
"DESGR","1956","OCT"
"DESGR","1956","NOV"
"DESGR","1957","MAY"
"DESGR","1958","MAY"
"DESGR","1959","APR"
"DESGR","1981","DEC"
"DESGR","1992","OCT"
"DESGR","1998","SEP"
"DESGR","2003","APR"
"DESRI","1923","JAN"
"DESRI","1923","FEB"
"DESRI","1923","MAR"
"DESRI","1923","APR"
"DESRI","1923","MAY"
"DESRI","1923","JUN"
"DESRI","1923","JUL"
"DESRI","1923","AUG"
"DESRI","1923","SEP"
"DESRI","1923","OCT"
"DESRI","1923","NOV"
"DESRI","1923","DEC"
"DESRI","1924","JAN"
"DESRI","1924","FEB"
"DESRI","1924","MAR"
"DESRI","1924","APR"
"DESRI","1924","MAY"
"DESRI","1924","JUN"
"DESRI","1924","JUL"
"DESRI","1924","AUG"
"DESRI","1924","SEP"
"DESRI","1924","OCT"
"DESRI","1924","NOV"
"DESRI","1924","DEC"
"DESRI","1925","JAN"
"DESRI","1925","FEB"
"DESRI","1925","MAR"
"DESRI","1925","APR"
"DESRI","1925","MAY"
"DESRI","1925","JUN"
"DESRI","1925","JUL"
"DESRI","1925","AUG"
"DESRI","1925","SEP"
"DESRI","1925","OCT"
"DESRI","1925","NOV"
"DESRI","1925","DEC"
"DESRI","1926","JAN"
"DESRI","1926","FEB"
"DESRI","1926","MAR"
"DESRI","1926","APR"
"DESRI","1926","MAY"
"DESRI","1926","JUN"
"DESRI","1926","JUL"
"DESRI","1926","AUG"
"DESRI","1926","SEP"
"DESRI","1926","OCT"
"DESRI","1926","NOV"
"DESRI","1926","DEC"
"DESRI","1927","JAN"
"DESRI","1927","FEB"
"DESRI","1927","MAR"
"DESRI","1927","APR"
"DESRI","1927","MAY"
"DESRI","1927","JUN"
"DESRI","1927","JUL"
"DESRI","1927","AUG"
"DESRI","1927","SEP"
"DESRI","1927","OCT"
"DESRI","1927","NOV"
"DESRI","1927","DEC"
"DESRI","1928","JAN"
"DESRI","1928","FEB"
"DESRI","1928","MAR"
"DESRI","1928","APR"
"DESRI","1928","MAY"
"DESRI","1928","JUN"
"DESRI","1928","JUL"
"DESRI","1928","AUG"
"DESRI","1928","SEP"
"DESRI","1928","OCT"
"DESRI","1928","NOV"
"DESRI","1928","DEC"
"DESRI","1929","JAN"
"DESRI","1929","FEB"
"DESRI","1929","MAR"
"DESRI","1929","APR"
"DESRI","1929","MAY"
"DESRI","1929","JUN"
"DESRI","1929","JUL"
"DESRI","1929","AUG"
"DESRI","1929","SEP"
"DESRI","1929","OCT"
"DESRI","1929","NOV"
"DESRI","1929","DEC"
"DESRI","1930","JAN"
"DESRI","1930","FEB"
"DESRI","1930","MAR"
"DESRI","1930","APR"
"DESRI","1930","MAY"
"DESRI","1930","JUN"
"DESRI","1930","JUL"
"DESRI","1930","AUG"
"DESRI","1930","SEP"
"DESRI","1930","OCT"
"DESRI","1930","NOV"
"DESRI","1930","DEC"
"DESRI","1931","JAN"
"DESRI","1931","FEB"
"DESRI","1931","MAR"
"DESRI","1931","APR"
"DESRI","1931","MAY"
"DESRI","1931","JUN"
"DESRI","1931","JUL"
"DESRI","1931","AUG"
"DESRI","1931","SEP"
"DESRI","1931","OCT"
"DESRI","1931","NOV"
"DESRI","1931","DEC"
"DESRI","1932","JAN"
"DESRI","1932","FEB"
"DESRI","1932","MAR"
"DESRI","1932","APR"
"DESRI","1932","MAY"
"DESRI","1932","JUN"
"DESRI","1932","JUL"
"DESRI","1932","AUG"
"DESRI","1932","SEP"
"DESRI","1932","OCT"
"DESRI","1932","NOV"
"DESRI","1932","DEC"
"DESRI","1933","JAN"
"DESRI","1933","FEB"
"DESRI","1933","MAR"
"DESRI","1933","APR"
"DESRI","1933","MAY"
"DESRI","1933","JUN"
"DESRI","1933","JUL"
"DESRI","1933","AUG"
"DESRI","1933","SEP"
"DESRI","1933","OCT"
"DESRI","1933","NOV"
"DESRI","1933","DEC"
"DESRI","1934","JAN"
"DESRI","1934","FEB"
"DESRI","1934","MAR"
"DESRI","1934","APR"
"DESRI","1934","MAY"
"DESRI","1934","JUN"
"DESRI","1934","NOV"
"DESRI","1942","MAY"
"DESRI","1942","JUN"
"DESRI","1953","JAN"
"DESRI","1956","SEP"
"DESRI","1956","NOV"
"DESRI","1957","MAY"
"DESRI","1958","MAY"
"DESRI","1959","APR"
"DESRI","1977","JAN"
"DESRI","1980","NOV"
"DESRI","1991","MAY"
"DESRI","1992","JUN"
"DESRI","1992","OCT"
"DESRI","1993","APR"
"DESRI","1995","DEC"
"DESRI","2003","JAN"
"DESRI","2006","JAN"
"DESST","1942","MAY"
"DESST","1942","JUN"
"DESST","1950","SEP"
"DESST","1950","OCT"
"DESST","1950","NOV"
"DESST","1950","DEC"
"DESST","1951","APR"
"DESST","1953","JAN"
"DESST","1954","DEC"
"DESST","1955","MAR"
"DESST","1956","SEP"
"DESST","1956","OCT"
"DESST","1957","FEB"
"DESST","1957","APR"
"DESST","1957","MAY"
"DESST","1959","APR"
"DESST","1981","JAN"
"DESST","1981","MAY"
"DESST","1991","JUN"
"DESST","1992","JUN"
"DESST","1992","OCT"
"DESST","1993","APR"
"DESST","2015","MAY"
"ERIOP","1942","MAY"
"ERIOP","1942","JUN"
"ERIOP","1949","JUN"
"ERIOP","1953","JAN"
"ERIOP","1955","MAR"
"ERIOP","1957","MAY"
"ERIOP","1959","APR"
"ERIOP","1981","DEC"
"ERIOP","1991","MAY"
"ERIOP","1992","MAR"
"ERIOP","1992","JUN"
"ERIOP","1992","NOV"
"ERIOP","1998","AUG"
"ERIOP","1999","JAN"
"ERIOP","2014","MAR"
"FORES","1953","JAN"
"FORES","1956","OCT"
"FORES","1957","MAY"
"FORES","1958","MAY"
"FORES","1959","APR"
"FORES","1980","NOV"
"FORES","1992","NOV"
"FORES","2000","SEP"
"FORES","2014","DEC"
"GRARI","1923","JAN"
"GRARI","1923","FEB"
"GRARI","1923","MAR"
"GRARI","1923","APR"
"GRARI","1923","MAY"
"GRARI","1923","JUN"
"GRARI","1923","JUL"
"GRARI","1923","AUG"
"GRARI","1923","SEP"
"GRARI","1923","OCT"
"GRARI","1923","NOV"
"GRARI","1923","DEC"
"GRARI","1924","JAN"
"GRARI","1924","FEB"
"GRARI","1924","MAR"
"GRARI","1924","APR"
"GRARI","1924","MAY"
"GRARI","1924","JUN"
"GRARI","1924","JUL"
"GRARI","1924","AUG"
"GRARI","1924","SEP"
"GRARI","1924","OCT"
"GRARI","1924","NOV"
"GRARI","1924","DEC"
"GRARI","1925","JAN"
"GRARI","1925","FEB"
"GRARI","1925","MAR"
"GRARI","1925","APR"
"GRARI","1925","MAY"
"GRARI","1925","JUN"
"GRARI","1925","JUL"
"GRARI","1925","AUG"
"GRARI","1925","SEP"
"GRARI","1925","OCT"
"GRARI","1925","NOV"
"GRARI","1925","DEC"
"GRARI","1926","JAN"
"GRARI","1926","FEB"
"GRARI","1926","MAR"
"GRARI","1926","APR"
"GRARI","1926","MAY"
"GRARI","1926","JUN"
"GRARI","1926","JUL"
"GRARI","1926","AUG"
"GRARI","1926","SEP"
"GRARI","1926","OCT"
"GRARI","1926","NOV"
"GRARI","1926","DEC"
"GRARI","1927","JAN"
"GRARI","1927","FEB"
"GRARI","1927","MAR"
"GRARI","1927","APR"
"GRARI","1927","MAY"
"GRARI","1927","JUN"
"GRARI","1927","JUL"
"GRARI","1927","AUG"
"GRARI","1927","SEP"
"GRARI","1927","OCT"
"GRARI","1927","NOV"
"GRARI","1927","DEC"
"GRARI","1928","JAN"
"GRARI","1928","FEB"
"GRARI","1928","MAR"
"GRARI","1928","APR"
"GRARI","1928","MAY"
"GRARI","1928","JUN"
"GRARI","1928","JUL"
"GRARI","1928","AUG"
"GRARI","1928","SEP"
"GRARI","1928","OCT"
"GRARI","1928","NOV"
"GRARI","1928","DEC"
"GRARI","1929","JAN"
"GRARI","1929","FEB"
"GRARI","1929","MAR"
"GRARI","1929","APR"
"GRARI","1929","MAY"
"GRARI","1929","JUN"
"GRARI","1929","JUL"
"GRARI","1929","AUG"
"GRARI","1929","SEP"
"GRARI","1929","OCT"
"GRARI","1929","NOV"
"GRARI","1929","DEC"
"GRARI","1930","JAN"
"GRARI","1930","FEB"
"GRARI","1930","MAR"
"GRARI","1930","APR"
"GRARI","1930","MAY"
"GRARI","1930","JUN"
"GRARI","1930","JUL"
"GRARI","1930","AUG"
"GRARI","1930","SEP"
"GRARI","1930","OCT"
"GRARI","1930","NOV"
"GRARI","1931","MAR"
"GRARI","1931","APR"
"GRARI","1931","MAY"
"GRARI","1931","JUN"
"GRARI","1931","JUL"
"GRARI","1931","AUG"
"GRARI","1931","SEP"
"GRARI","1931","OCT"
"GRARI","1949","JUN"
"GRARI","1953","JAN"
"GRARI","1955","MAR"
"GRARI","1956","NOV"
"GRARI","1957","MAY"
"GRARI","1958","MAY"
"GRARI","1959","APR"
"GRARI","1991","MAY"
"GRARI","1993","APR"
"GRARI","1995","DEC"
"GRARI","2009","DEC"
"HUERF","1942","MAY"
"HUERF","1942","JUN"
"HUERF","1953","JAN"
"HUERF","1955","MAR"
"HUERF","1956","SEP"
"HUERF","1956","NOV"
"HUERF","1957","MAY"
"HUERF","1958","MAY"
"HUERF","1976","APR"
"HUERF","1976","MAY"
"HUERF","1977","JUN"
"HUERF","1980","MAR"
"HUERF","1980","APR"
"HUERF","1991","MAY"
"HUERF","1992","OCT"
"HUERF","2004","JUN"
"IBP","1923","JAN"
"IBP","1923","FEB"
"IBP","1923","MAR"
"IBP","1923","APR"
"IBP","1923","MAY"
"IBP","1923","JUN"
"IBP","1923","JUL"
"IBP","1923","AUG"
"IBP","1923","SEP"
"IBP","1923","OCT"
"IBP","1923","NOV"
"IBP","1923","DEC"
"IBP","1924","JAN"
"IBP","1924","FEB"
"IBP","1924","MAR"
"IBP","1924","APR"
"IBP","1924","MAY"
"IBP","1924","JUN"
"IBP","1924","JUL"
"IBP","1924","AUG"
"IBP","1924","SEP"
"IBP","1924","OCT"
"IBP","1924","NOV"
"IBP","1924","DEC"
"IBP","1925","JAN"
"IBP","1925","FEB"
"IBP","1925","MAR"
"IBP","1925","APR"
"IBP","1925","MAY"
"IBP","1925","JUN"
"IBP","1925","JUL"
"IBP","1925","AUG"
"IBP","1925","SEP"
"IBP","1925","OCT"
"IBP","1925","NOV"
"IBP","1925","DEC"
"IBP","1926","JAN"
"IBP","1926","FEB"
"IBP","1926","MAR"
"IBP","1926","APR"
"IBP","1926","MAY"
"IBP","1926","JUN"
"IBP","1926","JUL"
"IBP","1926","AUG"
"IBP","1926","SEP"
"IBP","1926","OCT"
"IBP","1926","NOV"
"IBP","1926","DEC"
"IBP","1927","JAN"
"IBP","1927","FEB"
"IBP","1927","MAR"
"IBP","1927","APR"
"IBP","1927","MAY"
"IBP","1927","JUN"
"IBP","1927","JUL"
"IBP","1927","AUG"
"IBP","1927","SEP"
"IBP","1927","OCT"
"IBP","1927","NOV"
"IBP","1927","DEC"
"IBP","1928","JAN"
"IBP","1928","FEB"
"IBP","1928","MAR"
"IBP","1928","APR"
"IBP","1928","MAY"
"IBP","1928","JUN"
"IBP","1928","JUL"
"IBP","1928","AUG"
"IBP","1928","SEP"
"IBP","1928","OCT"
"IBP","1928","NOV"
"IBP","1928","DEC"
"IBP","1929","JAN"
"IBP","1929","FEB"
"IBP","1929","MAR"
"IBP","1929","APR"
"IBP","1929","MAY"
"IBP","1929","JUN"
"IBP","1929","JUL"
"IBP","1929","AUG"
"IBP","1929","SEP"
"IBP","1929","OCT"
"IBP","1929","NOV"
"IBP","1929","DEC"
"IBP","1930","JAN"
"IBP","1930","FEB"
"IBP","1930","MAR"
"IBP","1930","APR"
"IBP","1930","MAY"
"IBP","1930","JUN"
"IBP","1930","JUL"
"IBP","1930","AUG"
"IBP","1930","SEP"
"IBP","1930","OCT"
"IBP","1930","NOV"
"IBP","1930","DEC"
"IBP","1931","JAN"
"IBP","1931","FEB"
"IBP","1931","MAR"
"IBP","1931","APR"
"IBP","1931","MAY"
"IBP","1931","JUN"
"IBP","1931","JUL"
"IBP","1931","AUG"
"IBP","1931","SEP"
"IBP","1931","OCT"
"IBP","1931","NOV"
"IBP","1931","DEC"
"IBP","1932","JAN"
"IBP","1932","FEB"
"IBP","1932","MAR"
"IBP","1932","APR"
"IBP","1932","MAY"
"IBP","1932","JUN"
"IBP","1932","JUL"
"IBP","1932","AUG"
"IBP","1932","SEP"
"IBP","1932","OCT"
"IBP","1932","NOV"
"IBP","1932","DEC"
"IBP","1933","JAN"
"IBP","1933","FEB"
"IBP","1933","MAR"
"IBP","1933","APR"
"IBP","1933","MAY"
"IBP","1933","JUN"
"IBP","1933","JUL"
"IBP","1933","AUG"
"IBP","1933","SEP"
"IBP","1933","OCT"
"IBP","1933","NOV"
"IBP","1933","DEC"
"IBP","1934","JAN"
"IBP","1934","FEB"
"IBP","1934","MAR"
"IBP","1934","APR"
"IBP","1934","MAY"
"IBP","1934","JUN"
"IBP","1934","JUL"
"IBP","1934","AUG"
"IBP","1934","SEP"
"IBP","1934","OCT"
"IBP","1934","NOV"
"IBP","1934","DEC"
"IBP","1935","JAN"
"IBP","1935","FEB"
"IBP","1935","MAR"
"IBP","1935","APR"
"IBP","1935","MAY"
"IBP","1935","JUN"
"IBP","1935","JUL"
"IBP","1935","AUG"
"IBP","1935","SEP"
"IBP","1935","OCT"
"IBP","1935","NOV"
"IBP","1935","DEC"
"IBP","1936","JAN"
"IBP","1936","FEB"
"IBP","1936","MAR"
"IBP","1936","APR"
"IBP","1936","MAY"
"IBP","1936","JUN"
"IBP","1936","JUL"
"IBP","1936","AUG"
"IBP","1936","SEP"
"IBP","1936","OCT"
"IBP","1936","NOV"
"IBP","1936","DEC"
"IBP","1937","JAN"
"IBP","1937","FEB"
"IBP","1937","MAR"
"IBP","1937","APR"
"IBP","1937","MAY"
"IBP","1937","JUN"
"IBP","1937","JUL"
"IBP","1937","AUG"
"IBP","1937","SEP"
"IBP","1937","OCT"
"IBP","1937","NOV"
"IBP","1937","DEC"
"IBP","1938","JAN"
"IBP","1938","FEB"
"IBP","1938","MAR"
"IBP","1938","APR"
"IBP","1938","MAY"
"IBP","1938","JUN"
"IBP","1938","JUL"
"IBP","1938","AUG"
"IBP","1938","SEP"
"IBP","1938","OCT"
"IBP","1938","NOV"
"IBP","1938","DEC"
"IBP","1939","JAN"
"IBP","1939","FEB"
"IBP","1939","MAR"
"IBP","1939","APR"
"IBP","1939","MAY"
"IBP","1939","JUN"
"IBP","1939","JUL"
"IBP","1939","AUG"
"IBP","1939","SEP"
"IBP","1939","OCT"
"IBP","1939","NOV"
"IBP","1939","DEC"
"IBP","1940","JAN"
"IBP","1940","FEB"
"IBP","1940","MAR"
"IBP","1940","APR"
"IBP","1940","MAY"
"IBP","1940","JUN"
"IBP","1940","JUL"
"IBP","1940","AUG"
"IBP","1940","SEP"
"IBP","1940","OCT"
"IBP","1940","NOV"
"IBP","1940","DEC"
"IBP","1941","JAN"
"IBP","1941","FEB"
"IBP","1941","MAR"
"IBP","1941","APR"
"IBP","1941","MAY"
"IBP","1941","JUN"
"IBP","1941","JUL"
"IBP","1941","AUG"
"IBP","1941","SEP"
"IBP","1941","OCT"
"IBP","1941","NOV"
"IBP","1941","DEC"
"IBP","1942","JAN"
"IBP","1942","FEB"
"IBP","1942","MAR"
"IBP","1942","APR"
"IBP","1942","MAY"
"IBP","1942","JUN"
"IBP","1942","JUL"
"IBP","1942","AUG"
"IBP","1942","SEP"
"IBP","1942","OCT"
"IBP","1942","NOV"
"IBP","1942","DEC"
"IBP","1943","JAN"
"IBP","1943","FEB"
"IBP","1943","MAR"
"IBP","1943","APR"
"IBP","1943","MAY"
"IBP","1943","JUN"
"IBP","1943","JUL"
"IBP","1943","AUG"
"IBP","1943","SEP"
"IBP","1943","OCT"
"IBP","1943","NOV"
"IBP","1943","DEC"
"IBP","1944","JAN"
"IBP","1944","FEB"
"IBP","1944","MAR"
"IBP","1944","APR"
"IBP","1944","MAY"
"IBP","1944","JUN"
"IBP","1944","JUL"
"IBP","1944","AUG"
"IBP","1944","SEP"
"IBP","1944","OCT"
"IBP","1944","NOV"
"IBP","1944","DEC"
"IBP","1945","JAN"
"IBP","1945","FEB"
"IBP","1945","MAR"
"IBP","1945","APR"
"IBP","1945","MAY"
"IBP","1945","JUN"
"IBP","1945","JUL"
"IBP","1945","AUG"
"IBP","1945","SEP"
"IBP","1945","OCT"
"IBP","1945","DEC"
"IBP","1946","JAN"
"IBP","1946","FEB"
"IBP","1946","MAR"
"IBP","1946","APR"
"IBP","1946","MAY"
"IBP","1946","JUN"
"IBP","1946","JUL"
"IBP","1946","AUG"
"IBP","1946","SEP"
"IBP","1946","OCT"
"IBP","1946","NOV"
"IBP","1946","DEC"
"IBP","1947","JAN"
"IBP","1947","FEB"
"IBP","1947","MAR"
"IBP","1947","APR"
"IBP","1947","MAY"
"IBP","1947","JUN"
"IBP","1947","JUL"
"IBP","1947","AUG"
"IBP","1947","SEP"
"IBP","1947","OCT"
"IBP","1947","NOV"
"IBP","1947","DEC"
"IBP","1948","JAN"
"IBP","1948","FEB"
"IBP","1948","MAR"
"IBP","1948","APR"
"IBP","1948","MAY"
"IBP","1948","JUN"
"IBP","1948","JUL"
"IBP","1948","AUG"
"IBP","1948","SEP"
"IBP","1948","OCT"
"IBP","1948","NOV"
"IBP","1948","DEC"
"IBP","1949","JAN"
"IBP","1949","FEB"
"IBP","1949","MAR"
"IBP","1949","APR"
"IBP","1949","MAY"
"IBP","1949","JUN"
"IBP","1949","JUL"
"IBP","1949","AUG"
"IBP","1949","SEP"
"IBP","1949","OCT"
"IBP","1949","NOV"
"IBP","1949","DEC"
"IBP","1950","JAN"
"IBP","1950","FEB"
"IBP","1950","MAR"
"IBP","1950","APR"
"IBP","1950","MAY"
"IBP","1950","JUN"
"IBP","1950","JUL"
"IBP","1950","AUG"
"IBP","1950","SEP"
"IBP","1950","OCT"
"IBP","1950","NOV"
"IBP","1950","DEC"
"IBP","1951","JAN"
"IBP","1951","FEB"
"IBP","1951","MAR"
"IBP","1951","APR"
"IBP","1951","MAY"
"IBP","1951","JUN"
"IBP","1951","JUL"
"IBP","1951","AUG"
"IBP","1951","SEP"
"IBP","1951","OCT"
"IBP","1951","NOV"
"IBP","1951","DEC"
"IBP","1952","JAN"
"IBP","1952","FEB"
"IBP","1952","MAR"
"IBP","1952","APR"
"IBP","1952","MAY"
"IBP","1952","JUN"
"IBP","1952","JUL"
"IBP","1952","AUG"
"IBP","1952","SEP"
"IBP","1952","OCT"
"IBP","1952","NOV"
"IBP","1952","DEC"
"IBP","1953","JAN"
"IBP","1953","FEB"
"IBP","1953","MAR"
"IBP","1953","APR"
"IBP","1953","MAY"
"IBP","1953","JUN"
"IBP","1953","JUL"
"IBP","1953","AUG"
"IBP","1953","SEP"
"IBP","1953","OCT"
"IBP","1953","NOV"
"IBP","1953","DEC"
"IBP","1954","JAN"
"IBP","1954","FEB"
"IBP","1954","MAR"
"IBP","1954","APR"
"IBP","1954","MAY"
"IBP","1954","JUN"
"IBP","1954","JUL"
"IBP","1954","AUG"
"IBP","1954","SEP"
"IBP","1954","OCT"
"IBP","1954","NOV"
"IBP","1954","DEC"
"IBP","1955","JAN"
"IBP","1955","FEB"
"IBP","1955","MAR"
"IBP","1955","JUL"
"IBP","1955","AUG"
"IBP","1955","SEP"
"IBP","1955","OCT"
"IBP","1955","NOV"
"IBP","1955","DEC"
"IBP","1956","JAN"
"IBP","1956","FEB"
"IBP","1956","MAR"
"IBP","1956","APR"
"IBP","1956","MAY"
"IBP","1956","JUN"
"IBP","1956","JUL"
"IBP","1956","AUG"
"IBP","1956","SEP"
"IBP","1956","OCT"
"IBP","1956","NOV"
"IBP","1956","DEC"
"IBP","1957","JAN"
"IBP","1957","FEB"
"IBP","1957","MAR"
"IBP","1957","APR"
"IBP","1957","MAY"
"IBP","1957","JUN"
"IBP","1957","JUL"
"IBP","1957","AUG"
"IBP","1957","SEP"
"IBP","1957","OCT"
"IBP","1957","NOV"
"IBP","1957","DEC"
"IBP","1958","JAN"
"IBP","1958","FEB"
"IBP","1958","MAR"
"IBP","1958","APR"
"IBP","1958","MAY"
"IBP","1958","JUN"
"IBP","1958","JUL"
"IBP","1958","AUG"
"IBP","1958","SEP"
"IBP","1958","OCT"
"IBP","1958","NOV"
"IBP","1958","DEC"
"IBP","1959","FEB"
"IBP","1959","MAR"
"IBP","1959","APR"
"IBP","1959","MAY"
"IBP","1959","JUN"
"IBP","1959","JUL"
"IBP","1959","AUG"
"IBP","1959","SEP"
"IBP","1959","OCT"
"IBP","1959","NOV"
"IBP","1959","DEC"
"IBP","1960","JAN"
"IBP","1960","FEB"
"IBP","1960","MAR"
"IBP","1960","APR"
"IBP","1960","MAY"
"IBP","1960","JUN"
"IBP","1960","JUL"
"IBP","1960","AUG"
"IBP","1960","SEP"
"IBP","1960","OCT"
"IBP","1960","NOV"
"IBP","1960","DEC"
"IBP","1961","JAN"
"IBP","1961","FEB"
"IBP","1961","MAR"
"IBP","1961","APR"
"IBP","1961","MAY"
"IBP","1961","JUN"
"IBP","1961","JUL"
"IBP","1961","AUG"
"IBP","1961","SEP"
"IBP","1961","OCT"
"IBP","1961","NOV"
"IBP","1961","DEC"
"IBP","1962","JAN"
"IBP","1962","FEB"
"IBP","1962","MAR"
"IBP","1962","APR"
"IBP","1962","MAY"
"IBP","1962","JUN"
"IBP","1962","JUL"
"IBP","1962","AUG"
"IBP","1962","SEP"
"IBP","1962","OCT"
"IBP","1962","NOV"
"IBP","1962","DEC"
"IBP","1963","JAN"
"IBP","1963","FEB"
"IBP","1963","MAR"
"IBP","1963","APR"
"IBP","1963","MAY"
"IBP","1963","JUN"
"IBP","1963","JUL"
"IBP","1963","AUG"
"IBP","1963","SEP"
"IBP","1963","OCT"
"IBP","1963","NOV"
"IBP","1963","DEC"
"IBP","1964","JAN"
"IBP","1964","FEB"
"IBP","1964","MAR"
"IBP","1964","APR"
"IBP","1964","MAY"
"IBP","1964","JUN"
"IBP","1964","JUL"
"IBP","1964","AUG"
"IBP","1964","SEP"
"IBP","1964","OCT"
"IBP","1964","NOV"
"IBP","1964","DEC"
"IBP","1965","JAN"
"IBP","1965","FEB"
"IBP","1965","MAR"
"IBP","1965","APR"
"IBP","1965","MAY"
"IBP","1965","JUN"
"IBP","1965","JUL"
"IBP","1965","AUG"
"IBP","1965","SEP"
"IBP","1965","OCT"
"IBP","1965","NOV"
"IBP","1965","DEC"
"IBP","1966","JAN"
"IBP","1966","FEB"
"IBP","1966","MAR"
"IBP","1966","APR"
"IBP","1966","MAY"
"IBP","1966","JUN"
"IBP","1966","JUL"
"IBP","1966","AUG"
"IBP","1966","SEP"
"IBP","1966","OCT"
"IBP","1966","NOV"
"IBP","1966","DEC"
"IBP","1967","JAN"
"IBP","1967","FEB"
"IBP","1967","MAR"
"IBP","1967","APR"
"IBP","1967","MAY"
"IBP","1967","JUN"
"IBP","1967","JUL"
"IBP","1967","AUG"
"IBP","1967","SEP"
"IBP","1967","OCT"
"IBP","1967","NOV"
"IBP","1967","DEC"
"IBP","1968","JAN"
"IBP","1968","FEB"
"IBP","1968","MAR"
"IBP","1968","APR"
"IBP","1968","MAY"
"IBP","1968","JUN"
"IBP","1968","JUL"
"IBP","1968","AUG"
"IBP","1968","SEP"
"IBP","1968","OCT"
"IBP","1968","NOV"
"IBP","1968","DEC"
"IBP","1969","JAN"
"IBP","1969","FEB"
"IBP","1969","MAR"
"IBP","1969","APR"
"IBP","1969","MAY"
"IBP","1969","JUN"
"IBP","1969","JUL"
"IBP","1969","AUG"
"IBP","1969","SEP"
"IBP","1969","OCT"
"IBP","1969","NOV"
"IBP","1969","DEC"
"IBP","1970","JAN"
"IBP","1970","FEB"
"IBP","1970","MAR"
"IBP","1970","APR"
"IBP","1970","MAY"
"IBP","1970","JUN"
"IBP","1970","JUL"
"IBP","1970","AUG"
"IBP","1970","SEP"
"IBP","1970","OCT"
"IBP","1970","NOV"
"IBP","1970","DEC"
"IBP","1971","JAN"
"IBP","1971","FEB"
"IBP","1971","MAR"
"IBP","1971","APR"
"IBP","1971","MAY"
"IBP","1971","JUN"
"IBP","1980","NOV"
"IBP","2004","JUN"
"IBP","2004","OCT"
"LIMST","1923","JAN"
"LIMST","1923","FEB"
"LIMST","1923","MAR"
"LIMST","1923","APR"
"LIMST","1923","MAY"
"LIMST","1923","JUN"
"LIMST","1923","JUL"
"LIMST","1923","AUG"
"LIMST","1923","SEP"
"LIMST","1923","OCT"
"LIMST","1923","NOV"
"LIMST","1923","DEC"
"LIMST","1924","JAN"
"LIMST","1924","FEB"
"LIMST","1924","MAR"
"LIMST","1924","APR"
"LIMST","1924","MAY"
"LIMST","1924","JUN"
"LIMST","1924","JUL"
"LIMST","1924","AUG"
"LIMST","1924","SEP"
"LIMST","1924","OCT"
"LIMST","1924","NOV"
"LIMST","1924","DEC"
"LIMST","1925","JAN"
"LIMST","1925","FEB"
"LIMST","1925","MAR"
"LIMST","1925","APR"
"LIMST","1925","MAY"
"LIMST","1925","JUN"
"LIMST","1925","JUL"
"LIMST","1925","AUG"
"LIMST","1925","SEP"
"LIMST","1925","OCT"
"LIMST","1925","NOV"
"LIMST","1925","DEC"
"LIMST","1926","JAN"
"LIMST","1926","FEB"
"LIMST","1926","MAR"
"LIMST","1926","APR"
"LIMST","1926","MAY"
"LIMST","1926","JUN"
"LIMST","1926","JUL"
"LIMST","1926","AUG"
"LIMST","1926","SEP"
"LIMST","1926","OCT"
"LIMST","1926","NOV"
"LIMST","1926","DEC"
"LIMST","1927","JAN"
"LIMST","1927","FEB"
"LIMST","1927","MAR"
"LIMST","1927","APR"
"LIMST","1927","MAY"
"LIMST","1927","JUN"
"LIMST","1927","JUL"
"LIMST","1927","AUG"
"LIMST","1927","SEP"
"LIMST","1927","OCT"
"LIMST","1927","NOV"
"LIMST","1927","DEC"
"LIMST","1928","JAN"
"LIMST","1928","FEB"
"LIMST","1928","MAR"
"LIMST","1928","APR"
"LIMST","1928","MAY"
"LIMST","1928","JUN"
"LIMST","1928","JUL"
"LIMST","1928","AUG"
"LIMST","1928","SEP"
"LIMST","1928","OCT"
"LIMST","1928","NOV"
"LIMST","1928","DEC"
"LIMST","1929","JAN"
"LIMST","1929","FEB"
"LIMST","1929","MAR"
"LIMST","1929","APR"
"LIMST","1929","MAY"
"LIMST","1929","JUN"
"LIMST","1929","JUL"
"LIMST","1929","AUG"
"LIMST","1929","SEP"
"LIMST","1929","OCT"
"LIMST","1929","NOV"
"LIMST","1929","DEC"
"LIMST","1930","JAN"
"LIMST","1930","FEB"
"LIMST","1930","MAR"
"LIMST","1930","APR"
"LIMST","1930","MAY"
"LIMST","1930","JUN"
"LIMST","1930","JUL"
"LIMST","1930","AUG"
"LIMST","1930","SEP"
"LIMST","1930","OCT"
"LIMST","1930","NOV"
"LIMST","1930","DEC"
"LIMST","1931","JAN"
"LIMST","1931","FEB"
"LIMST","1931","MAR"
"LIMST","1931","APR"
"LIMST","1931","MAY"
"LIMST","1931","JUN"
"LIMST","1931","JUL"
"LIMST","1931","AUG"
"LIMST","1931","SEP"
"LIMST","1931","OCT"
"LIMST","1931","NOV"
"LIMST","1931","DEC"
"LIMST","1932","JAN"
"LIMST","1932","FEB"
"LIMST","1932","MAR"
"LIMST","1932","APR"
"LIMST","1932","MAY"
"LIMST","1932","JUN"
"LIMST","1932","JUL"
"LIMST","1932","AUG"
"LIMST","1932","SEP"
"LIMST","1932","OCT"
"LIMST","1932","NOV"
"LIMST","1932","DEC"
"LIMST","1933","JAN"
"LIMST","1933","FEB"
"LIMST","1933","MAR"
"LIMST","1933","APR"
"LIMST","1933","MAY"
"LIMST","1933","JUN"
"LIMST","1933","JUL"
"LIMST","1933","AUG"
"LIMST","1933","SEP"
"LIMST","1933","OCT"
"LIMST","1933","NOV"
"LIMST","1933","DEC"
"LIMST","1934","JAN"
"LIMST","1934","FEB"
"LIMST","1934","MAR"
"LIMST","1934","APR"
"LIMST","1934","MAY"
"LIMST","1934","JUN"
"LIMST","1934","JUL"
"LIMST","1934","AUG"
"LIMST","1934","SEP"
"LIMST","1934","OCT"
"LIMST","1934","NOV"
"LIMST","1934","DEC"
"LIMST","1935","JAN"
"LIMST","1935","FEB"
"LIMST","1935","MAR"
"LIMST","1935","APR"
"LIMST","1935","MAY"
"LIMST","1935","JUN"
"LIMST","1935","JUL"
"LIMST","1935","AUG"
"LIMST","1935","SEP"
"LIMST","1935","OCT"
"LIMST","1935","NOV"
"LIMST","1935","DEC"
"LIMST","1936","JAN"
"LIMST","1936","FEB"
"LIMST","1936","MAR"
"LIMST","1936","APR"
"LIMST","1936","MAY"
"LIMST","1936","JUN"
"LIMST","1936","JUL"
"LIMST","1936","AUG"
"LIMST","1936","SEP"
"LIMST","1936","OCT"
"LIMST","1936","NOV"
"LIMST","1936","DEC"
"LIMST","1937","JAN"
"LIMST","1937","FEB"
"LIMST","1937","MAR"
"LIMST","1937","APR"
"LIMST","1937","MAY"
"LIMST","1937","JUN"
"LIMST","1937","JUL"
"LIMST","1937","AUG"
"LIMST","1937","SEP"
"LIMST","1937","OCT"
"LIMST","1937","NOV"
"LIMST","1937","DEC"
"LIMST","1938","JAN"
"LIMST","1938","FEB"
"LIMST","1938","MAR"
"LIMST","1938","APR"
"LIMST","1938","MAY"
"LIMST","1938","JUN"
"LIMST","1938","JUL"
"LIMST","1938","AUG"
"LIMST","1938","SEP"
"LIMST","1938","OCT"
"LIMST","1938","NOV"
"LIMST","1938","DEC"
"LIMST","1939","JAN"
"LIMST","1939","FEB"
"LIMST","1939","MAR"
"LIMST","1939","APR"
"LIMST","1939","MAY"
"LIMST","1939","JUN"
"LIMST","1942","MAY"
"LIMST","1942","JUN"
"LIMST","1949","DEC"
"LIMST","1950","JAN"
"LIMST","1950","FEB"
"LIMST","1950","MAR"
"LIMST","1950","APR"
"LIMST","1950","MAY"
"LIMST","1950","JUN"
"LIMST","1950","JUL"
"LIMST","1950","AUG"
"LIMST","1950","SEP"
"LIMST","1950","OCT"
"LIMST","1950","NOV"
"LIMST","1950","DEC"
"LIMST","1951","JAN"
"LIMST","1951","FEB"
"LIMST","1951","MAR"
"LIMST","1951","APR"
"LIMST","1951","MAY"
"LIMST","1951","JUN"
"LIMST","1951","JUL"
"LIMST","1951","AUG"
"LIMST","1951","SEP"
"LIMST","1951","OCT"
"LIMST","1951","NOV"
"LIMST","1951","DEC"
"LIMST","1952","JAN"
"LIMST","1952","FEB"
"LIMST","1952","MAR"
"LIMST","1952","APR"
"LIMST","1952","MAY"
"LIMST","1952","JUN"
"LIMST","1952","JUL"
"LIMST","1952","AUG"
"LIMST","1952","SEP"
"LIMST","1952","OCT"
"LIMST","1952","NOV"
"LIMST","1952","DEC"
"LIMST","1953","JAN"
"LIMST","1953","FEB"
"LIMST","1953","MAR"
"LIMST","1953","APR"
"LIMST","1953","MAY"
"LIMST","1953","JUN"
"LIMST","1953","JUL"
"LIMST","1953","AUG"
"LIMST","1953","SEP"
"LIMST","1953","OCT"
"LIMST","1953","NOV"
"LIMST","1953","DEC"
"LIMST","1954","JAN"
"LIMST","1954","FEB"
"LIMST","1954","MAR"
"LIMST","1954","APR"
"LIMST","1954","MAY"
"LIMST","1954","JUN"
"LIMST","1954","JUL"
"LIMST","1954","AUG"
"LIMST","1954","SEP"
"LIMST","1954","OCT"
"LIMST","1954","NOV"
"LIMST","1954","DEC"
"LIMST","1955","JAN"
"LIMST","1955","FEB"
"LIMST","1955","MAR"
"LIMST","1955","JUL"
"LIMST","1955","AUG"
"LIMST","1955","SEP"
"LIMST","1955","OCT"
"LIMST","1955","NOV"
"LIMST","1955","DEC"
"LIMST","1956","JAN"
"LIMST","1956","FEB"
"LIMST","1956","MAR"
"LIMST","1956","APR"
"LIMST","1956","MAY"
"LIMST","1956","JUN"
"LIMST","1956","JUL"
"LIMST","1956","AUG"
"LIMST","1956","SEP"
"LIMST","1956","OCT"
"LIMST","1956","NOV"
"LIMST","1956","DEC"
"LIMST","1957","JAN"
"LIMST","1957","FEB"
"LIMST","1957","MAR"
"LIMST","1957","APR"
"LIMST","1957","MAY"
"LIMST","1957","JUN"
"LIMST","1957","JUL"
"LIMST","1957","AUG"
"LIMST","1957","SEP"
"LIMST","1957","OCT"
"LIMST","1957","NOV"
"LIMST","1957","DEC"
"LIMST","1958","JAN"
"LIMST","1958","FEB"
"LIMST","1958","MAR"
"LIMST","1958","APR"
"LIMST","1958","MAY"
"LIMST","1958","JUN"
"LIMST","1958","JUL"
"LIMST","1958","AUG"
"LIMST","1958","SEP"
"LIMST","1958","OCT"
"LIMST","1958","NOV"
"LIMST","1958","DEC"
"LIMST","1959","FEB"
"LIMST","1959","MAR"
"LIMST","1959","APR"
"LIMST","1959","MAY"
"LIMST","1959","JUN"
"LIMST","1959","JUL"
"LIMST","1959","AUG"
"LIMST","1959","SEP"
"LIMST","1959","OCT"
"LIMST","1959","NOV"
"LIMST","1959","DEC"
"LIMST","1960","JAN"
"LIMST","1960","FEB"
"LIMST","1960","MAR"
"LIMST","1960","APR"
"LIMST","1960","MAY"
"LIMST","1960","JUN"
"LIMST","1960","JUL"
"LIMST","1960","AUG"
"LIMST","1960","SEP"
"LIMST","1960","OCT"
"LIMST","1960","NOV"
"LIMST","1960","DEC"
"LIMST","1961","JAN"
"LIMST","1961","FEB"
"LIMST","1961","MAR"
"LIMST","1961","APR"
"LIMST","1961","MAY"
"LIMST","1961","JUN"
"LIMST","1961","JUL"
"LIMST","1961","AUG"
"LIMST","1961","SEP"
"LIMST","1961","OCT"
"LIMST","1961","NOV"
"LIMST","1961","DEC"
"LIMST","1962","JAN"
"LIMST","1962","FEB"
"LIMST","1962","MAR"
"LIMST","1962","APR"
"LIMST","1962","MAY"
"LIMST","1962","JUN"
"LIMST","1962","JUL"
"LIMST","1962","AUG"
"LIMST","1962","SEP"
"LIMST","1962","OCT"
"LIMST","1962","NOV"
"LIMST","1962","DEC"
"LIMST","1963","JAN"
"LIMST","1963","FEB"
"LIMST","1963","MAR"
"LIMST","1963","APR"
"LIMST","1963","MAY"
"LIMST","1963","JUN"
"LIMST","1963","JUL"
"LIMST","1963","AUG"
"LIMST","1963","SEP"
"LIMST","1963","OCT"
"LIMST","1963","NOV"
"LIMST","1963","DEC"
"LIMST","1964","JAN"
"LIMST","1964","FEB"
"LIMST","1964","MAR"
"LIMST","1964","APR"
"LIMST","1964","MAY"
"LIMST","1976","MAY"
"LIMST","1976","JUN"
"LIMST","1981","DEC"
"LIMST","1991","JUN"
"LIMST","1992","JUN"
"LIMST","1992","OCT"
"LIMST","1993","JUN"
"MUHLE","1942","MAY"
"MUHLE","1942","JUN"
"MUHLE","1953","JAN"
"MUHLE","1955","MAR"
"MUHLE","1956","OCT"
"MUHLE","1958","MAY"
"MUHLE","1992","JUN"
"MUHLE","1992","OCT"
"MUHLE","1993","APR"
"MUHLE","1999","JAN"
"MUHLE","2008","OCT"
"NE","1942","MAY"
"NE","1942","JUN"
"NE","1949","JUN"
"NE","1950","AUG"
"NE","1950","SEP"
"NE","1950","OCT"
"NE","1950","NOV"
"NE","1950","DEC"
"NE","1951","JAN"
"NE","1951","FEB"
"NE","1951","MAR"
"NE","1951","APR"
"NE","1951","MAY"
"NE","1951","JUN"
"NE","1951","JUL"
"NE","1951","AUG"
"NE","1951","SEP"
"NE","1951","OCT"
"NE","1951","NOV"
"NE","1951","DEC"
"NE","1952","JAN"
"NE","1952","FEB"
"NE","1952","MAR"
"NE","1952","APR"
"NE","1952","MAY"
"NE","1952","JUN"
"NE","1952","JUL"
"NE","1952","AUG"
"NE","1952","SEP"
"NE","1952","OCT"
"NE","1952","NOV"
"NE","1952","DEC"
"NE","1953","JAN"
"NE","1953","FEB"
"NE","1953","MAR"
"NE","1953","APR"
"NE","1953","MAY"
"NE","1953","JUN"
"NE","1953","JUL"
"NE","1953","AUG"
"NE","1953","SEP"
"NE","1953","OCT"
"NE","1953","NOV"
"NE","1953","DEC"
"NE","1954","JAN"
"NE","1954","FEB"
"NE","1954","MAR"
"NE","1954","APR"
"NE","1954","MAY"
"NE","1954","JUN"
"NE","1954","JUL"
"NE","1954","AUG"
"NE","1954","SEP"
"NE","1954","OCT"
"NE","1954","NOV"
"NE","1954","DEC"
"NE","1955","JAN"
"NE","1955","FEB"
"NE","1955","MAR"
"NE","1955","JUL"
"NE","1955","AUG"
"NE","1955","SEP"
"NE","1955","OCT"
"NE","1955","NOV"
"NE","1955","DEC"
"NE","1956","JAN"
"NE","1956","FEB"
"NE","1956","MAR"
"NE","1956","APR"
"NE","1956","MAY"
"NE","1956","JUN"
"NE","1956","JUL"
"NE","1956","AUG"
"NE","1956","SEP"
"NE","1956","OCT"
"NE","1956","NOV"
"NE","1956","DEC"
"NE","1957","JAN"
"NE","1957","FEB"
"NE","1957","MAR"
"NE","1957","APR"
"NE","1957","MAY"
"NE","1957","OCT"
"NE","1957","NOV"
"NE","1957","DEC"
"NE","1958","MAY"
"NE","1992","JUN"
"NE","1992","AUG"
"NE","1992","SEP"
"NE","1993","APR"
"NE","1993","JUN"
"NE","2003","JAN"
"NE","2005","MAR"
"NW","1935","OCT"
"NW","1942","MAY"
"NW","1942","JUN"
"NW","1953","JAN"
"NW","1955","MAR"
"NW","1955","DEC"
"NW","1956","SEP"
"NW","1956","OCT"
"NW","1957","MAY"
"NW","1958","MAY"
"NW","1981","APR"
"NW","1981","MAY"
"NW","1991","JUN"
"NW","1992","JUN"
"NW","1992","OCT"
"NW","1993","APR"
"NW","2009","JUL"
"NW","2009","AUG"
"PARKE","1949","JUN"
"PARKE","1953","JAN"
"PARKE","1956","NOV"
"PARKE","1957","MAY"
"PARKE","1958","MAY"
"PARKE","1959","APR"
"PARKE","1977","JUN"
"PARKE","1977","JUL"
"PARKE","1977","AUG"
"PARKE","1977","SEP"
"PARKE","1977","OCT"
"PARKE","1980","OCT"
"PARKE","1980","NOV"
"PARKE","1981","MAR"
"PARKE","1992","OCT"
"PARKE","1992","NOV"
"PARKE","1993","DEC"
"PARKE","2003","JAN"
"PARKE","2004","SEP"
"PARKE","2012","JUL"
"PAST3","1923","JAN"
"PAST3","1923","FEB"
"PAST3","1923","MAR"
"PAST3","1923","APR"
"PAST3","1923","MAY"
"PAST3","1923","JUN"
"PAST3","1923","JUL"
"PAST3","1923","AUG"
"PAST3","1923","SEP"
"PAST3","1923","OCT"
"PAST3","1923","NOV"
"PAST3","1923","DEC"
"PAST3","1924","JAN"
"PAST3","1924","FEB"
"PAST3","1924","MAR"
"PAST3","1924","APR"
"PAST3","1924","MAY"
"PAST3","1924","JUN"
"PAST3","1924","JUL"
"PAST3","1924","AUG"
"PAST3","1924","SEP"
"PAST3","1924","OCT"
"PAST3","1924","NOV"
"PAST3","1924","DEC"
"PAST3","1925","JAN"
"PAST3","1925","FEB"
"PAST3","1925","MAR"
"PAST3","1925","APR"
"PAST3","1925","MAY"
"PAST3","1925","JUN"
"PAST3","1925","JUL"
"PAST3","1925","AUG"
"PAST3","1925","SEP"
"PAST3","1925","OCT"
"PAST3","1925","NOV"
"PAST3","1925","DEC"
"PAST3","1926","JAN"
"PAST3","1926","FEB"
"PAST3","1926","MAR"
"PAST3","1926","APR"
"PAST3","1926","MAY"
"PAST3","1926","JUN"
"PAST3","1926","JUL"
"PAST3","1926","AUG"
"PAST3","1926","SEP"
"PAST3","1926","OCT"
"PAST3","1926","NOV"
"PAST3","1926","DEC"
"PAST3","1927","JAN"
"PAST3","1927","FEB"
"PAST3","1927","MAR"
"PAST3","1927","APR"
"PAST3","1927","MAY"
"PAST3","1927","JUN"
"PAST3","1927","JUL"
"PAST3","1927","AUG"
"PAST3","1927","SEP"
"PAST3","1927","OCT"
"PAST3","1927","NOV"
"PAST3","1927","DEC"
"PAST3","1928","JAN"
"PAST3","1928","FEB"
"PAST3","1928","MAR"
"PAST3","1928","APR"
"PAST3","1928","MAY"
"PAST3","1928","JUN"
"PAST3","1928","JUL"
"PAST3","1928","AUG"
"PAST3","1928","SEP"
"PAST3","1928","OCT"
"PAST3","1928","NOV"
"PAST3","1928","DEC"
"PAST3","1929","JAN"
"PAST3","1929","FEB"
"PAST3","1929","MAR"
"PAST3","1929","APR"
"PAST3","1929","MAY"
"PAST3","1929","JUN"
"PAST3","1929","JUL"
"PAST3","1929","AUG"
"PAST3","1929","SEP"
"PAST3","1929","OCT"
"PAST3","1929","NOV"
"PAST3","1929","DEC"
"PAST3","1930","JAN"
"PAST3","1930","FEB"
"PAST3","1930","MAR"
"PAST3","1930","APR"
"PAST3","1930","MAY"
"PAST3","1930","JUN"
"PAST3","1930","JUL"
"PAST3","1930","AUG"
"PAST3","1930","SEP"
"PAST3","1930","OCT"
"PAST3","1930","NOV"
"PAST3","1930","DEC"
"PAST3","1931","JAN"
"PAST3","1931","FEB"
"PAST3","1931","MAR"
"PAST3","1931","APR"
"PAST3","1931","MAY"
"PAST3","1931","JUN"
"PAST3","1931","JUL"
"PAST3","1931","AUG"
"PAST3","1931","SEP"
"PAST3","1931","OCT"
"PAST3","1931","NOV"
"PAST3","1931","DEC"
"PAST3","1932","JAN"
"PAST3","1932","FEB"
"PAST3","1932","MAR"
"PAST3","1932","APR"
"PAST3","1932","MAY"
"PAST3","1932","JUN"
"PAST3","1932","JUL"
"PAST3","1932","AUG"
"PAST3","1932","SEP"
"PAST3","1932","OCT"
"PAST3","1932","NOV"
"PAST3","1932","DEC"
"PAST3","1933","JAN"
"PAST3","1933","FEB"
"PAST3","1933","MAR"
"PAST3","1933","APR"
"PAST3","1933","MAY"
"PAST3","1933","JUN"
"PAST3","1933","JUL"
"PAST3","1933","AUG"
"PAST3","1933","SEP"
"PAST3","1933","OCT"
"PAST3","1933","NOV"
"PAST3","1933","DEC"
"PAST3","1934","JAN"
"PAST3","1934","FEB"
"PAST3","1934","MAR"
"PAST3","1934","APR"
"PAST3","1934","MAY"
"PAST3","1934","JUN"
"PAST3","1934","JUL"
"PAST3","1934","AUG"
"PAST3","1934","SEP"
"PAST3","1934","OCT"
"PAST3","1934","NOV"
"PAST3","1934","DEC"
"PAST3","1935","JAN"
"PAST3","1935","FEB"
"PAST3","1935","MAR"
"PAST3","1935","APR"
"PAST3","1935","MAY"
"PAST3","1935","JUN"
"PAST3","1935","JUL"
"PAST3","1935","AUG"
"PAST3","1935","SEP"
"PAST3","1935","OCT"
"PAST3","1935","NOV"
"PAST3","1935","DEC"
"PAST3","1936","JAN"
"PAST3","1936","FEB"
"PAST3","1936","MAR"
"PAST3","1936","APR"
"PAST3","1936","MAY"
"PAST3","1936","JUN"
"PAST3","1936","JUL"
"PAST3","1936","AUG"
"PAST3","1936","SEP"
"PAST3","1936","OCT"
"PAST3","1936","NOV"
"PAST3","1936","DEC"
"PAST3","1937","JAN"
"PAST3","1937","FEB"
"PAST3","1937","MAR"
"PAST3","1937","APR"
"PAST3","1937","MAY"
"PAST3","1937","JUN"
"PAST3","1937","JUL"
"PAST3","1937","AUG"
"PAST3","1937","SEP"
"PAST3","1937","OCT"
"PAST3","1937","NOV"
"PAST3","1937","DEC"
"PAST3","1938","JAN"
"PAST3","1938","FEB"
"PAST3","1938","MAR"
"PAST3","1938","APR"
"PAST3","1938","MAY"
"PAST3","1938","JUN"
"PAST3","1938","JUL"
"PAST3","1938","AUG"
"PAST3","1938","SEP"
"PAST3","1938","OCT"
"PAST3","1938","NOV"
"PAST3","1938","DEC"
"PAST3","1939","JAN"
"PAST3","1939","FEB"
"PAST3","1939","MAR"
"PAST3","1939","APR"
"PAST3","1939","MAY"
"PAST3","1939","JUN"
"PAST3","1939","JUL"
"PAST3","1939","AUG"
"PAST3","1939","SEP"
"PAST3","1939","OCT"
"PAST3","1939","NOV"
"PAST3","1939","DEC"
"PAST3","1940","JAN"
"PAST3","1940","FEB"
"PAST3","1940","MAR"
"PAST3","1940","APR"
"PAST3","1940","MAY"
"PAST3","1940","JUN"
"PAST3","1940","JUL"
"PAST3","1940","AUG"
"PAST3","1940","SEP"
"PAST3","1940","OCT"
"PAST3","1940","NOV"
"PAST3","1940","DEC"
"PAST3","1941","JAN"
"PAST3","1941","FEB"
"PAST3","1941","MAR"
"PAST3","1941","APR"
"PAST3","1941","MAY"
"PAST3","1941","JUN"
"PAST3","1941","JUL"
"PAST3","1941","AUG"
"PAST3","1941","SEP"
"PAST3","1941","OCT"
"PAST3","1941","NOV"
"PAST3","1941","DEC"
"PAST3","1942","JAN"
"PAST3","1942","FEB"
"PAST3","1942","MAR"
"PAST3","1942","APR"
"PAST3","1942","MAY"
"PAST3","1942","JUN"
"PAST3","1942","JUL"
"PAST3","1942","AUG"
"PAST3","1942","SEP"
"PAST3","1942","OCT"
"PAST3","1942","NOV"
"PAST3","1942","DEC"
"PAST3","1943","JAN"
"PAST3","1943","FEB"
"PAST3","1943","MAR"
"PAST3","1943","APR"
"PAST3","1943","MAY"
"PAST3","1943","JUN"
"PAST3","1943","JUL"
"PAST3","1943","AUG"
"PAST3","1943","SEP"
"PAST3","1943","OCT"
"PAST3","1943","NOV"
"PAST3","1943","DEC"
"PAST3","1944","JAN"
"PAST3","1944","FEB"
"PAST3","1944","MAR"
"PAST3","1944","APR"
"PAST3","1944","MAY"
"PAST3","1944","JUN"
"PAST3","1944","JUL"
"PAST3","1944","AUG"
"PAST3","1944","SEP"
"PAST3","1944","OCT"
"PAST3","1944","NOV"
"PAST3","1944","DEC"
"PAST3","1945","JAN"
"PAST3","1945","FEB"
"PAST3","1945","MAR"
"PAST3","1945","APR"
"PAST3","1945","MAY"
"PAST3","1945","JUN"
"PAST3","1945","JUL"
"PAST3","1945","AUG"
"PAST3","1945","SEP"
"PAST3","1945","OCT"
"PAST3","1945","DEC"
"PAST3","1946","JAN"
"PAST3","1946","FEB"
"PAST3","1946","MAR"
"PAST3","1946","APR"
"PAST3","1946","MAY"
"PAST3","1946","JUN"
"PAST3","1946","JUL"
"PAST3","1946","AUG"
"PAST3","1946","SEP"
"PAST3","1946","OCT"
"PAST3","1946","NOV"
"PAST3","1946","DEC"
"PAST3","1947","JAN"
"PAST3","1947","FEB"
"PAST3","1947","MAR"
"PAST3","1947","APR"
"PAST3","1947","MAY"
"PAST3","1947","JUN"
"PAST3","1947","JUL"
"PAST3","1947","AUG"
"PAST3","1947","SEP"
"PAST3","1947","OCT"
"PAST3","1947","NOV"
"PAST3","1947","DEC"
"PAST3","1948","JAN"
"PAST3","1948","FEB"
"PAST3","1948","MAR"
"PAST3","1948","APR"
"PAST3","1948","MAY"
"PAST3","1948","JUN"
"PAST3","1948","JUL"
"PAST3","1948","AUG"
"PAST3","1948","SEP"
"PAST3","1948","OCT"
"PAST3","1948","NOV"
"PAST3","1948","DEC"
"PAST3","1949","JAN"
"PAST3","1949","FEB"
"PAST3","1949","MAR"
"PAST3","1949","APR"
"PAST3","1949","MAY"
"PAST3","1949","JUN"
"PAST3","1949","JUL"
"PAST3","1949","AUG"
"PAST3","1949","SEP"
"PAST3","1949","OCT"
"PAST3","1949","NOV"
"PAST3","1949","DEC"
"PAST3","1950","JAN"
"PAST3","1950","FEB"
"PAST3","1950","MAR"
"PAST3","1950","APR"
"PAST3","1950","MAY"
"PAST3","1950","JUN"
"PAST3","1950","JUL"
"PAST3","1950","AUG"
"PAST3","1950","SEP"
"PAST3","1950","OCT"
"PAST3","1950","NOV"
"PAST3","1950","DEC"
"PAST3","1951","JAN"
"PAST3","1951","FEB"
"PAST3","1951","MAR"
"PAST3","1951","APR"
"PAST3","1951","MAY"
"PAST3","1951","JUN"
"PAST3","1951","JUL"
"PAST3","1951","AUG"
"PAST3","1951","SEP"
"PAST3","1951","OCT"
"PAST3","1951","NOV"
"PAST3","1951","DEC"
"PAST3","1952","JAN"
"PAST3","1952","FEB"
"PAST3","1952","MAR"
"PAST3","1952","APR"
"PAST3","1952","MAY"
"PAST3","1952","JUN"
"PAST3","1952","JUL"
"PAST3","1952","AUG"
"PAST3","1952","SEP"
"PAST3","1952","OCT"
"PAST3","1952","NOV"
"PAST3","1952","DEC"
"PAST3","1953","JAN"
"PAST3","1953","FEB"
"PAST3","1953","MAR"
"PAST3","1953","APR"
"PAST3","1953","MAY"
"PAST3","1953","JUN"
"PAST3","1953","JUL"
"PAST3","1953","AUG"
"PAST3","1953","SEP"
"PAST3","1953","OCT"
"PAST3","1953","NOV"
"PAST3","1953","DEC"
"PAST3","1954","JAN"
"PAST3","1954","FEB"
"PAST3","1954","MAR"
"PAST3","1954","APR"
"PAST3","1954","MAY"
"PAST3","1954","JUN"
"PAST3","1954","JUL"
"PAST3","1954","AUG"
"PAST3","1954","SEP"
"PAST3","1954","OCT"
"PAST3","1954","NOV"
"PAST3","1954","DEC"
"PAST3","1955","JAN"
"PAST3","1955","FEB"
"PAST3","1955","MAR"
"PAST3","1955","JUL"
"PAST3","1955","AUG"
"PAST3","1955","SEP"
"PAST3","1955","OCT"
"PAST3","1955","NOV"
"PAST3","1955","DEC"
"PAST3","1956","JAN"
"PAST3","1956","FEB"
"PAST3","1956","MAR"
"PAST3","1956","APR"
"PAST3","1956","MAY"
"PAST3","1956","JUN"
"PAST3","1956","JUL"
"PAST3","1956","AUG"
"PAST3","1956","SEP"
"PAST3","1956","OCT"
"PAST3","1956","NOV"
"PAST3","1956","DEC"
"PAST3","1957","JAN"
"PAST3","1957","FEB"
"PAST3","1957","MAR"
"PAST3","1957","APR"
"PAST3","1957","MAY"
"PAST3","1957","JUN"
"PAST3","1957","JUL"
"PAST3","1957","AUG"
"PAST3","1957","SEP"
"PAST3","1957","OCT"
"PAST3","1957","NOV"
"PAST3","1957","DEC"
"PAST3","1958","JAN"
"PAST3","1958","FEB"
"PAST3","1958","MAR"
"PAST3","1958","APR"
"PAST3","1958","MAY"
"PAST3","1958","JUN"
"PAST3","1958","JUL"
"PAST3","1958","AUG"
"PAST3","1958","SEP"
"PAST3","1958","OCT"
"PAST3","1958","NOV"
"PAST3","1958","DEC"
"PAST3","1959","FEB"
"PAST3","1959","MAR"
"PAST3","1959","APR"
"PAST3","1959","MAY"
"PAST3","1959","JUN"
"PAST3","1959","JUL"
"PAST3","1959","AUG"
"PAST3","1959","SEP"
"PAST3","1959","OCT"
"PAST3","1959","NOV"
"PAST3","1959","DEC"
"PAST3","1960","JAN"
"PAST3","1960","FEB"
"PAST3","1960","MAR"
"PAST3","1960","APR"
"PAST3","1960","MAY"
"PAST3","1960","JUN"
"PAST3","1960","JUL"
"PAST3","1960","AUG"
"PAST3","1960","SEP"
"PAST3","1960","OCT"
"PAST3","1960","NOV"
"PAST3","1960","DEC"
"PAST3","1961","JAN"
"PAST3","1961","FEB"
"PAST3","1961","MAR"
"PAST3","1961","APR"
"PAST3","1961","MAY"
"PAST3","1961","JUN"
"PAST3","1961","JUL"
"PAST3","1961","AUG"
"PAST3","1961","SEP"
"PAST3","1961","OCT"
"PAST3","1961","NOV"
"PAST3","1961","DEC"
"PAST3","1962","JAN"
"PAST3","1962","FEB"
"PAST3","1962","MAR"
"PAST3","1962","APR"
"PAST3","1962","MAY"
"PAST3","1962","JUN"
"PAST3","1962","JUL"
"PAST3","1962","AUG"
"PAST3","1962","SEP"
"PAST3","1962","OCT"
"PAST3","1962","NOV"
"PAST3","1962","DEC"
"PAST3","1963","JAN"
"PAST3","1963","FEB"
"PAST3","1963","MAR"
"PAST3","1963","APR"
"PAST3","1963","MAY"
"PAST3","1963","JUN"
"PAST3","1963","JUL"
"PAST3","1963","AUG"
"PAST3","1963","SEP"
"PAST3","1963","OCT"
"PAST3","1963","NOV"
"PAST3","1963","DEC"
"PAST3","1964","JAN"
"PAST3","1964","FEB"
"PAST3","1964","MAR"
"PAST3","1964","APR"
"PAST3","1964","MAY"
"PAST3","1964","JUN"
"PAST3","1964","JUL"
"PAST3","1964","AUG"
"PAST3","1964","SEP"
"PAST3","1964","OCT"
"PAST3","1964","NOV"
"PAST3","1964","DEC"
"PAST3","1965","JAN"
"PAST3","1965","FEB"
"PAST3","1965","MAR"
"PAST3","1965","APR"
"PAST3","1965","MAY"
"PAST3","1965","JUN"
"PAST3","1965","JUL"
"PAST3","1965","AUG"
"PAST3","1965","SEP"
"PAST3","1965","OCT"
"PAST3","1965","NOV"
"PAST3","1965","DEC"
"PAST3","1966","JAN"
"PAST3","1966","FEB"
"PAST3","1966","MAR"
"PAST3","1966","APR"
"PAST3","1966","MAY"
"PAST3","1966","JUN"
"PAST3","1966","JUL"
"PAST3","1966","AUG"
"PAST3","1966","SEP"
"PAST3","1966","OCT"
"PAST3","1966","NOV"
"PAST3","1966","DEC"
"PAST3","1967","JAN"
"PAST3","1967","FEB"
"PAST3","1967","MAR"
"PAST3","1967","APR"
"PAST3","1967","MAY"
"PAST3","1967","JUN"
"PAST3","1967","JUL"
"PAST3","1967","AUG"
"PAST3","1967","SEP"
"PAST3","1967","OCT"
"PAST3","1967","NOV"
"PAST3","1967","DEC"
"PAST3","1968","JAN"
"PAST3","1968","FEB"
"PAST3","1968","MAR"
"PAST3","1968","APR"
"PAST3","1968","MAY"
"PAST3","1968","JUN"
"PAST3","1968","JUL"
"PAST3","1968","AUG"
"PAST3","1968","SEP"
"PAST3","1968","OCT"
"PAST3","1968","NOV"
"PAST3","1968","DEC"
"PAST3","1969","JAN"
"PAST3","1969","FEB"
"PAST3","1969","MAR"
"PAST3","1969","APR"
"PAST3","1969","MAY"
"PAST3","1969","JUN"
"PAST3","1969","JUL"
"PAST3","1969","AUG"
"PAST3","1969","SEP"
"PAST3","1969","OCT"
"PAST3","1969","NOV"
"PAST3","1969","DEC"
"PAST3","1970","JAN"
"PAST3","1970","FEB"
"PAST3","1970","MAR"
"PAST3","1970","APR"
"PAST3","1970","MAY"
"PAST3","1970","JUN"
"PAST3","1970","JUL"
"PAST3","1970","AUG"
"PAST3","1970","SEP"
"PAST3","1970","OCT"
"PAST3","1970","NOV"
"PAST3","1970","DEC"
"PAST3","1971","JAN"
"PAST3","1971","FEB"
"PAST3","1971","MAR"
"PAST3","1971","APR"
"PAST3","1971","MAY"
"PAST3","1971","JUN"
"PAST3","1977","AUG"
"PAST3","1992","JUN"
"PAST3","1992","OCT"
"PAST3","1993","APR"
"PAST3","1995","AUG"
"PAST3","1999","MAR"
"ROAD","1923","JAN"
"ROAD","1942","MAY"
"ROAD","1942","JUN"
"ROAD","1949","JUN"
"ROAD","1950","DEC"
"ROAD","1953","JAN"
"ROAD","1956","NOV"
"ROAD","1957","MAY"
"ROAD","1958","MAY"
"ROAD","1959","APR"
"ROAD","1981","MAR"
"ROAD","1992","FEB"
"ROAD","1992","JUN"
"ROAD","1992","OCT"
"ROAD","1993","APR"
"ROAD","2003","APR"
"ROAD","2003","JUN"
"RODEN","1942","MAY"
"RODEN","1942","JUN"
"RODEN","1950","MAR"
"RODEN","1953","JAN"
"RODEN","1955","MAR"
"RODEN","1956","OCT"
"RODEN","1957","MAY"
"RODEN","1958","MAY"
"RODEN","1959","APR"
"RODEN","1992","OCT"
"RODEN","1993","APR"
"RODEN","1997","JUN"
"RODEN","2004","SEP"
"RODEN","2006","OCT"
"RODEN","2011","SEP"
"RUELA","1923","JAN"
"RUELA","1923","FEB"
"RUELA","1923","MAR"
"RUELA","1923","APR"
"RUELA","1923","MAY"
"RUELA","1923","JUN"
"RUELA","1923","JUL"
"RUELA","1923","AUG"
"RUELA","1923","SEP"
"RUELA","1923","OCT"
"RUELA","1923","NOV"
"RUELA","1923","DEC"
"RUELA","1942","MAY"
"RUELA","1942","JUN"
"RUELA","1949","JUN"
"RUELA","1953","JAN"
"RUELA","1953","DEC"
"RUELA","1955","MAR"
"RUELA","1956","SEP"
"RUELA","1956","NOV"
"RUELA","1969","OCT"
"RUELA","1980","OCT"
"RUELA","1980","NOV"
"RUELA","1991","MAY"
"RUELA","1992","OCT"
"RUELA","1993","APR"
"RUELA","2004","MAR"
"RUELA","2004","APR"
"RUELA","2005","JAN"
"RUELA","2007","MAY"
"SW","1928","APR"
"SW","1928","MAY"
"SW","1930","OCT"
"SW","1942","MAY"
"SW","1942","JUN"
"SW","1953","JAN"
"SW","1956","NOV"
"SW","1957","MAY"
"SW","1958","MAY"
"SW","1959","APR"
"SW","1992","OCT"
"SW","1993","APR"
"SW","2006","DEC"
"WHITE","1942","MAY"
"WHITE","1942","JUN"
"WHITE","1949","JUN"
"WHITE","1953","JAN"
"WHITE","1955","MAR"
"WHITE","1956","JUN"
"WHITE","1956","NOV"
"WHITE","1957","MAY"
"WHITE","1958","MAY"
"WHITE","1959","APR"
"WHITE","1980","APR"
"WHITE","1980","OCT"
"WHITE","1991","MAY"
"WHITE","1992","JUN"
"WHITE","1992","OCT"
"WHITE","1993","JUN"
"WHITE","1999","MAY"
"WHITE","2002","AUG"
"WHITE","2003","MAR"
"WHITE","2003","APR"
"WHITE","2003","MAY"
"WHITE","2003","JUN"
"WHITE","2003","JUL"
"WHITE","2003","AUG"
"WHITE","2003","SEP"
"WHITE","2003","OCT"
"WHITE","2003","NOV"
"WHITE","2003","DEC"
"WHITE","2004","MAR"
"WHITE","2005","JUL"
